country,lat,lng,category,value,description,,,
Afghanistan,33.93,67.71,food_insecurity,78,Over 15 million face acute food insecurity following the Taliban takeover and aid freeze.,,,
Afghanistan,33.93,67.71,poverty,72,Over 97% of the population fell below the poverty line after the 2021 economic collapse.,,,
Afghanistan,33.93,67.71,disease,65,High TB and malaria burden; the health system has largely collapsed under Taliban governance.,,,
Afghanistan,33.93,67.71,climate,58,Glacial retreat threatens freshwater for 80% of the population; droughts are intensifying.,,,
Albania,41.15,20.17,food_insecurity,18,Food access is generally adequate; rural poverty limits dietary diversity in highland regions.,,,
Albania,41.15,20.17,poverty,22,Poverty has declined significantly but rural areas lag; 14% below the national poverty line.,,,
Albania,41.15,20.17,disease,20,Relatively low disease burden; cardiovascular disease dominates health challenges.,,,
Albania,41.15,20.17,climate,35,Coastal flooding and summer droughts are worsening; Adriatic sea level rise poses long-term risks.,,,
Algeria,28.03,1.66,food_insecurity,20,Food subsidies cushion the population; import dependency creates vulnerability to global price shocks.,,,
Algeria,28.03,1.66,poverty,25,Hydrocarbon revenues fund social programs but youth unemployment drives moderate poverty.,,,
Algeria,28.03,1.66,disease,22,Moderate disease burden; TB is the primary infectious disease concern.,,,
Algeria,28.03,1.66,climate,48,Saharan desertification is expanding northward; water scarcity is a growing national security concern.,,,
Andorra,42.55,1.6,food_insecurity,4,Wealthy microstate with near-zero food insecurity.,,,
Andorra,42.55,1.6,poverty,4,One of the highest living standards in Europe; poverty is negligible.,,,
Andorra,42.55,1.6,disease,5,Excellent healthcare system; disease burden is minimal.,,,
Andorra,42.55,1.6,climate,15,Mountain ecosystem faces glacial loss and ski industry disruption from warming temperatures.,,,
Angola,-11.2,17.87,food_insecurity,55,Southern provinces face severe drought-driven food stress; 7 million food insecure.,,,
Angola,-11.2,17.87,poverty,60,Oil wealth bypasses the poor; 40% live below $1.90/day in rural areas.,,,
Angola,-11.2,17.87,disease,62,Malaria kills over 50,000 annually; cholera outbreaks are frequent; HIV prevalence at 2%.,,
Angola,-11.2,17.87,climate,50,Southern drought corridor expanding; flooding in the north disrupts agriculture.,,,
Antigua and Barbuda,17.06,-61.8,food_insecurity,15,Import-dependent but financially capable; hurricane disruptions cause temporary food stress.,,,
Antigua and Barbuda,17.06,-61.8,poverty,20,Low poverty overall but economic inequality is pronounced; post-hurricane recovery gaps remain.,,,
Antigua and Barbuda,17.06,-61.8,disease,15,Low disease burden; dengue and leptospirosis are seasonal concerns.,,,
Antigua and Barbuda,17.06,-61.8,climate,58,Existential hurricane risk; Hurricane Irma destroyed Barbuda in 2017 and forced full evacuation.,,,
Argentina,-38.42,-63.62,food_insecurity,28,Economic crisis has pushed food insecurity to 40% of the population despite agricultural wealth.,,,
Argentina,-38.42,-63.62,poverty,35,Inflation exceeding 200% in 2024 has driven 40% of the population below the poverty line.,,,
Argentina,-38.42,-63.62,disease,20,Moderate burden; dengue outbreaks are worsening with climate change.,,,
Argentina,-38.42,-63.62,climate,40,Drought in the Pampas hit record crop losses in 2023; flooding affects northeastern provinces.,,,
Armenia,40.07,45.04,food_insecurity,20,Economic pressure and displacement from Nagorno-Karabakh conflict affect food security.,,,
Armenia,40.07,45.04,poverty,30,About 25% below the poverty line; the 2023 Karabakh refugee crisis increased pressure.,,,
Armenia,40.07,45.04,disease,22,Cardiovascular disease dominates; TB rates are above European average.,,,
Armenia,40.07,45.04,climate,38,Glacial melt threatens the Ararat Valley's agriculture; drought cycles are intensifying.,,,
Australia,-25.27,133.78,food_insecurity,5,Food secure; drought affects farming output but not consumer access significantly.,,,
Australia,-25.27,133.78,poverty,10,About 13% live in poverty; Indigenous communities face significantly higher rates.,,,
Australia,-25.27,133.78,disease,8,Low disease burden; skin cancer and chronic disease are primary health concerns.,,,
Australia,-25.27,133.78,climate,42,Record wildfires in 2019-20; Great Barrier Reef bleaching; cyclone intensity increasing.,,,
Austria,47.52,14.55,food_insecurity,4,Highly food secure; agricultural subsidies and strong welfare system prevent food poverty.,,,
Austria,47.52,14.55,poverty,8,Low poverty; around 14% at risk of poverty or social exclusion by EU metrics.,,,
Austria,47.52,14.55,disease,6,Very low disease burden; excellent universal healthcare system.,,,
Austria,47.52,14.55,climate,22,Alpine glaciers retreating rapidly; heatwaves and flooding increasing in frequency.,,,
Azerbaijan,40.14,47.58,food_insecurity,15,Food generally accessible; rural poverty limits nutrition quality.,,,
Azerbaijan,40.14,47.58,poverty,25,Oil revenues reduce extreme poverty but inequality is high; 5% below the poverty line.,,,
Azerbaijan,40.14,47.58,disease,20,Moderate burden; TB and cardiovascular disease are primary concerns.,,,
Azerbaijan,40.14,47.58,climate,35,Caspian Sea level fluctuation and droughts threaten agricultural regions.,,,
Bahamas,25.03,-77.4,food_insecurity,12,Wealthy but import-dependent; hurricane disruptions cause periodic food insecurity.,,,
Bahamas,25.03,-77.4,poverty,15,Low poverty overall; Hurricane Dorian devastated Abaco and Grand Bahama in 2019.,,,
Bahamas,25.03,-77.4,disease,15,Relatively low burden; HIV rates higher than regional average at 2%.,,,
Bahamas,25.03,-77.4,climate,60,One of the most hurricane-exposed nations; storm surge threatens low-lying islands existentially.,,,
Bahrain,26.02,50.55,food_insecurity,10,Heavily import-dependent but wealthy; subsidy systems prevent food insecurity.,,,
Bahrain,26.02,50.55,poverty,8,Low poverty; migrant workers face exploitation but nationals have high living standards.,,,
Bahrain,26.02,50.55,disease,12,Non-communicable diseases dominate; diabetes prevalence is among the world's highest.,,,
Bahrain,26.02,50.55,climate,45,Extreme heat and water scarcity are structural vulnerabilities; desalination dependency is high.,,,
Bangladesh,23.68,90.35,food_insecurity,44,Seasonal flooding and erosion displace millions annually, disrupting food access for the poor.,,
Bangladesh,23.68,90.35,poverty,34,Significant poverty reduction but 40 million still live in moderate poverty.,,,
Bangladesh,23.68,90.35,disease,38,World's highest TB burden per capita; dengue causes seasonal urban epidemics.,,,
Bangladesh,23.68,90.35,climate,76,One of the most climate-vulnerable nations; cyclones and sea-level rise threaten 40 million.,,,
Barbados,13.19,-59.54,food_insecurity,10,High import dependency but strong economy; no significant food insecurity.,,,
Barbados,13.19,-59.54,poverty,14,Low poverty; post-pandemic economic recovery is underway.,,,
Barbados,13.19,-59.54,disease,12,Non-communicable diseases are the primary health burden; dengue is periodic.,,,
Barbados,13.19,-59.54,climate,52,Hurricane risk is high; sea-level rise threatens the coastline and freshwater lens.,,,
Belarus,53.71,27.95,food_insecurity,10,Subsidized food system keeps insecurity low despite economic sanctions.,,,
Belarus,53.71,27.95,poverty,12,Low official poverty; political repression and sanctions are eroding living standards.,,,
Belarus,53.71,27.95,disease,18,Cardiovascular disease is the dominant killer; HIV rates are rising.,,,
Belarus,53.71,27.95,climate,20,Flooding and drought are increasing; peat fires are a growing hazard.,,,
Belgium,50.5,4.47,food_insecurity,4,Highly food secure; food bank usage rose post-pandemic but broadly stable.,,,
Belgium,50.5,4.47,poverty,9,Around 13% at risk of poverty; inequality within urban areas is notable.,,,
Belgium,50.5,4.47,disease,7,Low burden; aging population drives chronic disease prevalence.,,,
Belgium,50.5,4.47,climate,20,Flooding (Liège 2021) revealed major climate vulnerabilities in dense urban areas.,,,
Belize,17.19,-88.5,food_insecurity,20,Rural food insecurity affects Mayan communities; hurricane damage disrupts food systems periodically.,,,
Belize,17.19,-88.5,poverty,35,About 40% live below the poverty line; rural Indigenous communities face the highest rates.,,,
Belize,17.19,-88.5,disease,28,HIV prevalence is among the highest in the region at 1.4%; dengue and malaria are present.,,,
Belize,17.19,-88.5,climate,58,Coral reef bleaching threatens fisheries; flooding and hurricane exposure are high.,,,
Benin,9.31,2.32,food_insecurity,45,Subsistence agriculture dominates; northern regions face seasonal food stress.,,,
Benin,9.31,2.32,poverty,64,About 38% live below $1.90/day; Sahel-proximate north is the most deprived.,,,
Benin,9.31,2.32,disease,65,High malaria burden; child mortality from preventable diseases remains elevated.,,,
Benin,9.31,2.32,climate,60,Coastal erosion is among the fastest in the world; inland flooding increasing.,,,
Bhutan,27.51,90.43,food_insecurity,18,Relatively food secure due to strong state systems; rural subsistence farming faces weather shocks.,,,
Bhutan,27.51,90.43,poverty,28,About 8% below the national poverty line; rural-urban inequality is growing.,,,
Bhutan,27.51,90.43,disease,30,Moderate burden; malaria in southern lowlands; non-communicable diseases rising.,,,
Bhutan,27.51,90.43,climate,50,Glacial lake outburst floods threaten downstream valleys; glaciers are retreating rapidly.,,,
Bolivia,-16.29,-63.59,food_insecurity,28,Rural food insecurity persists in the Altiplano; drought and frost damage crops regularly.,,,
Bolivia,-16.29,-63.59,poverty,42,About 35% in moderate poverty; Indigenous highland communities face structural exclusion.,,,
Bolivia,-16.29,-63.59,disease,38,High burden of Chagas disease and TB; healthcare access in rural areas is limited.,,,
Bolivia,-16.29,-63.59,climate,52,Glaciers feeding La Paz's water supply are disappearing; droughts and floods are intensifying.,,,
Bosnia and Herzegovina,43.92,17.68,food_insecurity,15,Food generally accessible; economic stagnation creates pockets of rural food poverty.,,,
Bosnia and Herzegovina,43.92,17.68,poverty,22,About 16% below the poverty line; political deadlock has blocked economic development.,,,
Bosnia and Herzegovina,43.92,17.68,disease,18,Cardiovascular disease dominates; aging population and smoking rates are high.,,,
Bosnia and Herzegovina,43.92,17.68,climate,28,Flooding and wildfire risk increasing; 2014 floods were the worst in 120 years.,,,
Botswana,-22.33,24.68,food_insecurity,25,Drought stress affects subsistence farmers; food imports fill the gap for most of the population.,,,
Botswana,-22.33,24.68,poverty,38,About 16% in extreme poverty despite middle-income status; inequality is very high (Gini ~53).,,,
Botswana,-22.33,24.68,disease,58,HIV prevalence at 20.3%; one of the world's highest rates despite strong treatment programs.,,,
Botswana,-22.33,24.68,climate,55,Southern Africa's drying trend is severe; drought is threatening water and food systems.,,,
Brazil,-14.24,-51.93,food_insecurity,25,33 million food insecure after pandemic; Bolsa Família expansion has reduced numbers since.,,,
Brazil,-14.24,-51.93,poverty,35,About 30% in moderate poverty; extreme inequality (Gini ~52) concentrates deprivation.,,,
Brazil,-14.24,-51.93,disease,30,Dengue at epidemic levels in 2024; TB and HIV concentrated in urban peripheries.,,,
Brazil,-14.24,-51.93,climate,45,Amazon deforestation drives regional climate disruption; southern flooding and northern drought.,,,
Brunei,4.54,114.73,food_insecurity,8,Wealthy oil state with subsidized food; high import dependency managed through financial reserves.,,,
Brunei,4.54,114.73,poverty,5,Very low poverty; high per capita income from hydrocarbons subsidizes living standards.,,,
Brunei,4.54,114.73,disease,10,Low burden; non-communicable diseases related to high meat and sugar consumption dominate.,,,
Brunei,4.54,114.73,climate,35,Sea-level rise and flooding are growing concerns for this low-lying coastal state.,,,
Bulgaria,42.73,25.49,food_insecurity,10,Relatively food secure; aging rural population faces access issues.,,,
Bulgaria,42.73,25.49,poverty,18,About 23% at risk of poverty; one of the EU's poorest members by per capita GDP.,,,
Bulgaria,42.73,25.49,disease,20,Cardiovascular disease is the leading killer; smoking rates are among Europe's highest.,,,
Bulgaria,42.73,25.49,climate,30,Wildfire risk increasing; Danube flooding and Black Sea erosion are worsening.,,,
Burkina Faso,12.36,-1.53,food_insecurity,72,Armed group activity has displaced 2 million people, cutting off farming communities from land.,,
Burkina Faso,12.36,-1.53,poverty,66,Over 40% live below $1.90/day; conflict has accelerated poverty in the north.,,,
Burkina Faso,12.36,-1.53,disease,72,Malaria is the leading killer; healthcare system near-collapsed in conflict zones.,,,
Burkina Faso,12.36,-1.53,climate,65,Sahel desertification is advancing; rainfall unpredictability destroys pastoralist livelihoods.,,,
Burundi,-3.37,29.92,food_insecurity,65,Chronic food insecurity affects 3 million; subsistence agriculture is highly vulnerable to shocks.,,,
Burundi,-3.37,29.92,poverty,82,75% live below $1.90/day; one of the world's poorest countries with virtually no safety net.,,,
Burundi,-3.37,29.92,disease,68,High malaria mortality; rising HIV prevalence; lowest doctor-to-patient ratio globally.,,,
Burundi,-3.37,29.92,climate,55,Lake Tanganyika flooding and drought cycles devastate subsistence agriculture.,,,
Cabo Verde,16,-24.01,food_insecurity,22,Small island state highly vulnerable to import shocks; drought limits domestic production.,,,
Cabo Verde,16,-24.01,poverty,35,About 35% below the national poverty line; remittances are a key coping mechanism.,,,
Cabo Verde,16,-24.01,disease,25,Moderate burden; dengue and respiratory infections are primary concerns.,,,
Cabo Verde,16,-24.01,climate,60,Desertification and water scarcity are existential challenges; drought is endemic.,,,
Cambodia,12.56,104.99,food_insecurity,38,Rural food insecurity persists due to land inequality and limited nutritional diversity.,,,
Cambodia,12.56,104.99,poverty,33,Strong growth has reduced extreme poverty but rural and informal workers remain vulnerable.,,,
Cambodia,12.56,104.99,disease,34,TB is a major burden; dengue and malaria affect rural communities.,,,
Cambodia,12.56,104.99,climate,57,Mekong disruption from upstream dams worsens flooding and saltwater intrusion downstream.,,,
Cameroon,7.37,12.35,food_insecurity,48,Anglophone crisis and Far North insurgency drive food insecurity for 3 million people.,,,
Cameroon,7.37,12.35,poverty,55,About 37% below $1.90/day; Anglophone regions face compounded crisis poverty.,,,
Cameroon,7.37,12.35,disease,65,HIV prevalence at 3.4%; malaria and preventable diseases kill tens of thousands annually.,,,
Cameroon,7.37,12.35,climate,55,Northern desertification and southern flooding affect different regions simultaneously.,,,
Canada,56.13,-106.35,food_insecurity,5,Food bank usage has risen post-pandemic but food insecurity remains low nationally.,,,
Canada,56.13,-106.35,poverty,8,About 12% below the poverty line; Indigenous communities face significantly higher rates.,,,
Canada,56.13,-106.35,disease,7,Low burden; opioid crisis is a major public health emergency causing 20,000 deaths/year.,,
Canada,56.13,-106.35,climate,30,Wildfires in 2023 burned record 18 million hectares; Arctic warming at 3x global average.,,,
Central African Republic,6.61,20.94,food_insecurity,79,Nearly half the population acutely food insecure amid ongoing armed conflict and displacement.,,,
Central African Republic,6.61,20.94,poverty,80,Per capita income among world's lowest; conflict prevents any meaningful economic development.,,,
Central African Republic,6.61,20.94,disease,87,Worst healthcare system globally; malaria, HIV, and TB rates are among the world's highest.,
Central African Republic,6.61,20.94,climate,50,Irregular rainfall threatens subsistence farming for most of the population.,,,
Chad,15.45,18.73,food_insecurity,74,Chronic drought, refugee influx from Sudan, and conflict leave 4 million in emergency hunger.,
Chad,15.45,18.73,poverty,78,Lowest healthcare expenditure globally; 42% in extreme poverty with no access to basic services.,,,
Chad,15.45,18.73,disease,82,Lowest healthcare expenditure globally; sleeping sickness, malaria, and measles are endemic.,
Chad,15.45,18.73,climate,72,Lake Chad has shrunk 90% since 1960; desertification is displacing millions across the basin.,,,
Chile,-35.68,-71.54,food_insecurity,10,Generally food secure; inequality means pockets of food poverty exist in rural and urban peripheries.,,,
Chile,-35.68,-71.54,poverty,15,About 10% below the poverty line; one of Latin America's stronger social protection systems.,,,
Chile,-35.68,-71.54,disease,12,Low burden; non-communicable diseases are the dominant health challenge.,,,
Chile,-35.68,-71.54,climate,38,Mega-drought in central Chile is in its 14th year; wildfires are intensifying annually.,,,
China,35.86,104.2,food_insecurity,12,Food security is a state priority; rural-urban inequality creates localized nutritional challenges.,,,
China,35.86,104.2,poverty,18,Extreme poverty officially eliminated in 2021; relative poverty and inequality remain significant.,,,
China,35.86,104.2,disease,20,Air pollution drives respiratory disease; TB burden is the world's third highest.,,,
China,35.86,104.2,climate,45,Extreme floods in 2023; Yellow River drought; typhoon intensity increasing on the eastern coast.,,,
Colombia,4.57,-74.3,food_insecurity,25,Internal displacement from FARC remnants affects rural food access; Venezuela refugee influx strains resources.,,,
Colombia,4.57,-74.3,poverty,38,About 36% in moderate poverty; regions with armed group presence face acute deprivation.,,,
Colombia,4.57,-74.3,disease,28,Moderate burden; dengue outbreaks are worsening; HIV concentrated in urban centers.,,,
Colombia,4.57,-74.3,climate,50,El Niño-driven drought and La Niña flooding alternate; Amazon deforestation accelerating.,,,
Comoros,-11.64,43.33,food_insecurity,45,Cyclone exposure and limited land drive chronic food insecurity for a third of the population.,,,
Comoros,-11.64,43.33,poverty,55,About 42% below the national poverty line; high youth unemployment and limited economic base.,,,
Comoros,-11.64,43.33,disease,55,High child mortality from preventable diseases; malaria and waterborne illness are primary burdens.,,,
Comoros,-11.64,43.33,climate,65,Rising sea levels and cyclone intensity threaten the low-lying island nation.,,,
Congo (Republic),4.06,21.76,food_insecurity,42,Pool Department conflict and economic stagnation drive food insecurity for 1.7 million people.,,,
Congo (Republic),4.06,21.76,poverty,52,About 37% in extreme poverty despite oil revenues; wealth is highly concentrated.,,,
Congo (Republic),4.06,21.76,disease,60,High HIV, TB, and malaria burden; healthcare access outside Brazzaville is extremely limited.,
Congo (Republic),4.06,21.76,climate,48,Flooding and deforestation are increasing vulnerability across the Congo Basin.,,,
Costa Rica,9.75,-83.75,food_insecurity,12,Generally food secure; economic inequality creates urban and rural food poverty pockets.,,,
Costa Rica,9.75,-83.75,poverty,18,About 20% in poverty; strong social programs limit extreme deprivation.,,,
Costa Rica,9.75,-83.75,disease,15,Low burden; non-communicable diseases dominate; dengue is seasonal.,,,
Costa Rica,9.75,-83.75,climate,45,Flooding and drought damage agricultural output; Caribbean coast is hurricane-exposed.,,,
Croatia,45.1,15.2,food_insecurity,8,Low food insecurity; EU membership provides price stability and social safety nets.,,,
Croatia,45.1,15.2,poverty,12,About 18% at risk of poverty; post-war regional inequality persists in eastern Croatia.,,,
Croatia,45.1,15.2,disease,12,Cardiovascular disease dominates; aging population is a growing health challenge.,,,
Croatia,45.1,15.2,climate,28,Adriatic coast wildfires are intensifying; flooding in Slavonia is increasing.,,,
Cuba,21.52,-79.02,food_insecurity,28,US sanctions and the collapse of Venezuelan support have caused severe food shortages since 2020.,,,
Cuba,21.52,-79.02,poverty,20,Socialist system provides basics but economic crisis has driven purchasing power to historic lows.,,,
Cuba,21.52,-79.02,disease,20,Strong healthcare system but medicine shortages are severe; dengue and respiratory disease rising.,,,
Cuba,21.52,-79.02,climate,52,Hurricane Ian caused catastrophic damage in 2022; power grid still partially collapsed.,,,
Cyprus,35.13,33.43,food_insecurity,6,EU member; food secure; Turkish-occupied north faces more limited access to services.,,,
Cyprus,35.13,33.43,poverty,10,About 14% at risk of poverty; migrant workers face significantly higher rates.,,,
Cyprus,35.13,33.43,disease,8,Low burden; non-communicable diseases are the primary concern.,,,
Cyprus,35.13,33.43,climate,38,Eastern Mediterranean drying is severe; water scarcity affects agriculture and urban supply.,,,
Czech Republic,49.82,15.47,food_insecurity,4,Highly food secure; rising prices post-Ukraine war created short-term access challenges for the poor.,,,
Czech Republic,49.82,15.47,poverty,8,About 10% at risk of poverty; one of the EU's more equal income distributions.,,,
Czech Republic,49.82,15.47,disease,10,Cardiovascular disease is the leading killer; smoking rates are above EU average.,,,
Czech Republic,49.82,15.47,climate,22,Severe drought affected Czech forests in 2018-2020; bark beetle devastation of spruce forests.,,,
Democratic Republic of Congo,-4.03,21.76,food_insecurity,75,The world's largest food crisis — 26 million acutely food insecure across eastern conflict zones.,,,
Democratic Republic of Congo,-4.03,21.76,poverty,79,73% live below $2.15/day despite vast mineral wealth; structural inequality and conflict are key drivers.,,,
Democratic Republic of Congo,-4.03,21.76,disease,85,Repeated Ebola outbreaks; world's highest malaria burden; dysfunctional health system.,,,
Democratic Republic of Congo,-4.03,21.76,climate,55,Flash flooding and landslides kill hundreds annually; Congo Basin faces rising climate instability.,,,
Denmark,56.26,9.5,food_insecurity,3,One of the world's most food-secure nations; strong welfare and agricultural systems.,,,
Denmark,56.26,9.5,poverty,6,Low poverty; about 12% at risk by EU metrics; strong social safety net.,,,
Denmark,56.26,9.5,disease,5,Very low burden; aging population; excellent universal healthcare.,,,
Denmark,56.26,9.5,climate,18,Coastal flooding risk is rising; North Sea storms are intensifying.,,,
Djibouti,11.83,42.59,food_insecurity,52,Over 40% food insecure; dependent on food imports through a port-dependent economy.,,,
Djibouti,11.83,42.59,poverty,58,About 21% in extreme poverty; drought and urban poverty are structural challenges.,,,
Djibouti,11.83,42.59,disease,60,High TB and HIV burden; cholera outbreaks occur regularly; healthcare capacity is minimal.,,,
Djibouti,11.83,42.59,climate,62,Extreme heat and drought are endemic; the country is among the most water-stressed in the world.,,,
Dominica,15.41,-61.37,food_insecurity,15,Hurricane Maria devastated the island in 2017; agricultural recovery is ongoing.,,,
Dominica,15.41,-61.37,poverty,25,About 29% below the poverty line; post-hurricane reconstruction has been slow.,,,
Dominica,15.41,-61.37,disease,18,Low burden; dengue and leptospirosis are seasonal health concerns.,,,
Dominica,15.41,-61.37,climate,72,Self-described as the world's most vulnerable country to climate change; Category 5 hurricane risk is existential.,,,
Dominican Republic,18.74,-70.16,food_insecurity,18,Food generally accessible but chronic malnutrition persists among the rural poor and Haitian migrants.,,,
Dominican Republic,18.74,-70.16,poverty,30,About 23% below the poverty line; inequality is high and regional disparities are significant.,,,
Dominican Republic,18.74,-70.16,disease,25,Moderate burden; HIV rates remain elevated; dengue is endemic.,,,
Dominican Republic,18.74,-70.16,climate,58,High hurricane exposure; flooding, drought, and sea-level rise threaten coastal communities.,
Ecuador,-1.83,-78.18,food_insecurity,20,Food generally available; economic crisis and gang violence in coastal cities disrupt food access.,,,
Ecuador,-1.83,-78.18,poverty,35,About 25% below the national poverty line; Amazonian Indigenous communities face highest rates.,,,
Ecuador,-1.83,-78.18,disease,25,TB and dengue are primary concerns; healthcare inequity is significant.,,,
Ecuador,-1.83,-78.18,climate,48,El Niño flooding devastated crops in 2023; Galápagos and Amazon ecosystems under severe stress.,,,
Egypt,26.82,30.8,food_insecurity,28,Currency crisis and wheat import dependency following Ukraine war caused severe price shocks.,,,
Egypt,26.82,30.8,poverty,32,About 30% below the national poverty line; Upper Egypt faces the highest rates.,,,
Egypt,26.82,30.8,disease,28,Hepatitis C has the world's highest prevalence; TB and schistosomiasis are ongoing concerns.,,,
Egypt,26.82,30.8,climate,52,Nile Delta faces severe saltwater intrusion and sea-level rise; Sinai desertification accelerating.,,,
El Salvador,13.79,-88.9,food_insecurity,22,Chronic malnutrition persists in rural areas; gang violence limits food supply chain security.,,,
El Salvador,13.79,-88.9,poverty,35,About 22% below the poverty line; emigration is a primary poverty-coping strategy.,,,
El Salvador,13.79,-88.9,disease,25,Dengue and chikungunya are endemic; kidney disease from agricultural chemical exposure affects rural workers.,,,
El Salvador,13.79,-88.9,climate,55,Drought in the Dry Corridor; Hurricane flooding; coffee and sugar crops threatened by temperature rise.,,,
Equatorial Guinea,1.65,10.27,food_insecurity,30,Oil wealth masks underlying food insecurity; rural subsistence farmers face access challenges.,,,
Equatorial Guinea,1.65,10.27,poverty,45,Despite high per capita GDP from oil, 60% of the population lives in poverty due to extreme inequality.,,
Equatorial Guinea,1.65,10.27,disease,60,High malaria burden; HIV at 7.3%; healthcare access outside Malabo is negligible.,,,
Equatorial Guinea,1.65,10.27,climate,45,Coastal erosion and flooding threaten the island capital Malabo.,,,
Eritrea,15.18,39.78,food_insecurity,55,Chronic food insecurity from drought cycles; remittances and military conscription distort the economy.,,,
Eritrea,15.18,39.78,poverty,62,Among the poorest countries globally; economic data limited by government opacity.,,,
Eritrea,15.18,39.78,disease,65,High TB and malaria burden; healthcare system severely constrained by governance.,,,
Eritrea,15.18,39.78,climate,63,Severe drought cycles devastate subsistence farming; limited capacity to adapt or respond.,,,
Estonia,58.6,25.01,food_insecurity,5,EU member; food secure; some poverty-related food stress among elderly populations.,,,
Estonia,58.6,25.01,poverty,10,About 17% at risk of poverty; elderly and rural populations face the highest rates.,,,
Estonia,58.6,25.01,disease,10,Cardiovascular disease and cancer dominate; alcohol-related mortality is above EU average.,,,
Estonia,58.6,25.01,climate,18,Coastal erosion and Baltic Sea warming are primary climate vulnerabilities.,,,
Eswatini,-26.52,31.47,food_insecurity,35,Drought regularly triggers food crises; 25% of children are stunted.,,,
Eswatini,-26.52,31.47,poverty,52,About 59% below the poverty line; extremely high inequality (Gini ~54).,,,
Eswatini,-26.52,31.47,disease,70,HIV prevalence at 26.8% — the world's highest; TB co-infection is rampant.,,,
Eswatini,-26.52,31.47,climate,50,Recurring drought is intensifying under southern Africa's drying trend.,,,
Ethiopia,9.14,40.49,food_insecurity,73,Tigray conflict and repeated droughts left millions dependent on emergency food assistance.,,,
Ethiopia,9.14,40.49,poverty,61,High economic growth has not reached rural farmers; Tigray conflict has reversed recent gains.,,,
Ethiopia,9.14,40.49,disease,66,High TB and malaria burden; health system severely strained by the Tigray war.,,,
Ethiopia,9.14,40.49,climate,61,Four consecutive failed rainy seasons caused the worst drought in 40 years.,,,
Fiji,-17.71,178.07,food_insecurity,18,Rural food security is vulnerable to cyclone disruption; nutrition quality issues in informal settlements.,,,
Fiji,-17.71,178.07,poverty,28,About 30% below the poverty line; economic recovery from COVID-19 collapse of tourism is ongoing.,,,
Fiji,-17.71,178.07,disease,22,Non-communicable diseases at crisis levels; diabetes and obesity rates are among the world's highest.,,,
Fiji,-17.71,178.07,climate,78,Rising sea levels and intensifying cyclones threaten low-lying islands and freshwater supplies.,,,
Finland,61.92,25.75,food_insecurity,3,One of the world's most food-secure nations; strong agricultural system and welfare state.,,,
Finland,61.92,25.75,poverty,6,Low poverty; about 12% at risk; strong social safety net prevents extreme deprivation.,,,
Finland,61.92,25.75,disease,5,Low burden; cardiovascular disease rates are declining with strong public health programs.,,,
Finland,61.92,25.75,climate,15,Arctic warming is disrupting indigenous Sami reindeer herding; permafrost thaw accelerating.,,,
France,46.23,2.21,food_insecurity,5,Generally food secure; food bank demand rose 30% post-pandemic among the working poor.,,,
France,46.23,2.21,poverty,10,About 15% at risk of poverty; strong welfare system contains extreme deprivation.,,,
France,46.23,2.21,disease,8,Low burden; aging population and cancer are primary concerns.,,,
France,46.23,2.21,climate,25,Record heatwaves; Loire valley flooding; southern drought threatening wine and agriculture.,,,
Gabon,-0.8,11.61,food_insecurity,25,Oil revenues cushion food access; rural interior faces access challenges from poor infrastructure.,,,
Gabon,-0.8,11.61,poverty,38,About 33% in poverty despite oil wealth; coup in 2023 has increased economic uncertainty.,,,
Gabon,-0.8,11.61,disease,55,High malaria burden; HIV at 3.4%; healthcare access outside Libreville is limited.,,,
Gabon,-0.8,11.61,climate,45,Deforestation and coastal erosion are growing concerns; the Congo rainforest buffer is shrinking.,,,
Gambia,13.44,-15.31,food_insecurity,48,Over 30% food insecure; drought and remittance dependency create chronic vulnerability.,,,
Gambia,13.44,-15.31,poverty,60,About 48% below $1.90/day; one of West Africa's poorest countries.,,,
Gambia,13.44,-15.31,disease,62,High malaria burden; TB rates are elevated; healthcare system is severely under-resourced.,,,
Gambia,13.44,-15.31,climate,58,Coastal erosion is devastating fishing communities; saltwater intrusion destroys farmland.,,,
Georgia,42.32,43.36,food_insecurity,18,Food generally accessible; economic pressure from Russian-related shocks affects the poor.,,,
Georgia,42.32,43.36,poverty,28,About 20% below the poverty line; Abkhazia and South Ossetia complicate national statistics.,,,
Georgia,42.32,43.36,disease,22,TB rates are above regional average; cardiovascular disease is the leading killer.,,,
Georgia,42.32,43.36,climate,38,Glacial retreat in the Caucasus threatens water supplies; flooding and landslides are increasing.,,,
Germany,51.17,10.45,food_insecurity,4,Highly food secure; food bank demand has increased sharply with inflation but baseline is secure.,,,
Germany,51.17,10.45,poverty,9,About 16% at risk of poverty; immigrant communities face higher rates.,,,
Germany,51.17,10.45,disease,7,Low burden; aging population drives chronic disease prevalence.,,,
Germany,51.17,10.45,climate,20,Ahr Valley flooding (2021) killed 180; drought-driven Rhine low water disrupts shipping.,,,
Ghana,-7.95,-1.02,food_insecurity,30,Northern Ghana faces seasonal food stress; economic crisis has reduced purchasing power.,,,
Ghana,-7.95,-1.02,poverty,42,About 24% below $1.90/day; northern savannah regions have the highest rates.,,,
Ghana,-7.95,-1.02,disease,52,Malaria is the leading outpatient diagnosis; TB and HIV remain significant burdens.,,,
Ghana,-7.95,-1.02,climate,55,Coastal erosion removing 2m of shoreline per year; drought in the north is intensifying.,,,
Greece,39.07,21.82,food_insecurity,12,Austerity-era food poverty has partially recovered; migrant populations face significant insecurity.,,,
Greece,39.07,21.82,poverty,18,About 19% at risk of poverty; persistent youth unemployment drives economic exclusion.,,,
Greece,39.07,21.82,disease,12,Low burden; aging population; cardiovascular disease is the primary concern.,,,
Greece,39.07,21.82,climate,38,Wildfires destroyed record areas in 2023; Thessaly flooding killed dozens in the same year.,,,
Grenada,12.11,-61.68,food_insecurity,12,Small island; food generally accessible; hurricane exposure creates periodic disruption.,,,
Grenada,12.11,-61.68,poverty,20,About 25% below the poverty line; economic diversification from nutmeg and tourism is proceeding.,,,
Grenada,12.11,-61.68,disease,15,Low burden; dengue is the primary infectious disease concern.,,,
Grenada,12.11,-61.68,climate,60,Hurricane risk is high; Irma and Maria highlighted the vulnerability of Eastern Caribbean islands.,,,
Guatemala,15.78,-90.23,food_insecurity,55,The Dry Corridor causes chronic malnutrition; nearly half of children under five are stunted.,,,
Guatemala,15.78,-90.23,poverty,58,About 48% below the national poverty line; Indigenous Maya communities face the highest rates.,,,
Guatemala,15.78,-90.23,disease,45,Moderate-high burden; cholera and dengue are endemic; malnutrition compounds child disease mortality.,,,
Guatemala,15.78,-90.23,climate,58,Drought in the Dry Corridor and hurricane flooding cause recurrent agricultural devastation.,,,
Guinea,11.4,-11.8,food_insecurity,58,Post-Ebola economic decline and agricultural underinvestment fuel persistent food insecurity.,,,
Guinea,11.4,-11.8,poverty,67,About 55% below the poverty line; bauxite wealth benefits elites while most remain poor.,,,
Guinea,11.4,-11.8,disease,70,Ground zero for 2014 Ebola epidemic; high malaria and waterborne disease burden persists.,,,
Guinea,11.4,-11.8,climate,55,Coastal degradation and irregular rainfall threaten rice cultivation and fishing communities.,,,
Guinea-Bissau,11.8,-15.18,food_insecurity,52,Political instability and cashew crop dependency make the population highly vulnerable to food shocks.,,,
Guinea-Bissau,11.8,-15.18,poverty,65,About 67% below $1.90/day; chronic political instability has prevented development.,,,
Guinea-Bissau,11.8,-15.18,disease,68,One of the world's highest malaria mortality rates; TB is widespread; healthcare is near-absent.,,,
Guinea-Bissau,11.8,-15.18,climate,60,Coastal flooding and saltwater intrusion are destroying the country's rice paddies.,,,
Guyana,4.86,-58.93,food_insecurity,18,Oil boom improving food access; Amerindian interior communities face persistent food insecurity.,,,
Guyana,4.86,-58.93,poverty,30,About 35% below the poverty line; oil revenues are beginning to transform infrastructure.,,,
Guyana,4.86,-58.93,disease,30,HIV rates are elevated; malaria is endemic in interior regions.,,,
Guyana,4.86,-58.93,climate,55,Low-lying coastal plain houses 90% of the population below sea level; flooding is chronic.,,,
Haiti,18.97,-72.29,food_insecurity,71,Gang violence has paralyzed food distribution; over 5 million face crisis-level hunger in 2024.,,,
Haiti,18.97,-72.29,poverty,65,About 60% below $2.15/day; political collapse has reversed decades of poverty reduction.,,,
Haiti,18.97,-72.29,disease,60,Cholera reintroduced in 2022; TB is the highest in the Western Hemisphere; gang violence limits healthcare.,,,
Haiti,18.97,-72.29,climate,65,Hurricane exposure combined with deforestation makes Haiti the most disaster-vulnerable Caribbean state.,,,
Honduras,15.2,-86.24,food_insecurity,40,The Dry Corridor drives chronic malnutrition; gang violence disrupts rural food supply chains.,,,
Honduras,15.2,-86.24,poverty,58,About 53% below the national poverty line; gang-driven displacement compounds rural poverty.,,,
Honduras,15.2,-86.24,disease,42,Dengue and Chagas disease are endemic; healthcare access is severely limited outside urban areas.,,,
Honduras,15.2,-86.24,climate,68,Hurricanes Eta and Iota caused $10bn in damage in 2020; flooding and landslides are worsening annually.,,,
Hungary,47.16,19.5,food_insecurity,8,EU member; food generally accessible; inflation has increased food poverty among low-income households.,,,
Hungary,47.16,19.5,poverty,14,About 12% at risk of poverty; Roma communities face extreme and persistent exclusion.,,,
Hungary,47.16,19.5,disease,18,Cardiovascular disease and cancer are leading killers; smoking rates are among Europe's highest.,,,
Hungary,47.16,19.5,climate,25,Danube flooding and summer drought are increasingly affecting agriculture.,,,
Iceland,64.96,-19.02,food_insecurity,3,Among the world's most food-secure nations; geothermal agriculture supports domestic production.,,,
Iceland,64.96,-19.02,poverty,5,Very low poverty; strong welfare state; no significant material deprivation.,,,
Iceland,64.96,-19.02,disease,4,Very low burden; one of the world's healthiest populations.,,,
Iceland,64.96,-19.02,climate,20,Rapidly retreating glaciers; Okjokull glacier declared extinct in 2019; fisheries shifting northward.,,,
India,20.59,78.96,food_insecurity,38,270 million food insecure; extreme heat waves are increasingly threatening harvests.,,,
India,20.59,78.96,poverty,29,Official extreme poverty below 10% but 230 million in moderate poverty; high regional disparity.,,,
India,20.59,78.96,disease,36,World's highest TB burden; significant regional disparities in healthcare access and outcomes.,,,
India,20.59,78.96,climate,52,Extreme heat killing thousands; Himalayan glaciers retreating; Bengali delta flooding intensifying.,,,
Indonesia,-0.79,113.92,food_insecurity,30,Stunting affects 24% of children; rural and island communities face access challenges.,,,
Indonesia,-0.79,113.92,poverty,28,About 9% below the national poverty line; Papua and NTT provinces face the highest rates.,,,
Indonesia,-0.79,113.92,disease,34,World's third-highest TB burden; dengue is hyperendemic; malaria in eastern provinces.,,,
Indonesia,-0.79,113.92,climate,54,Jakarta sinking while sea levels rise; wildfires in Sumatra and Kalimantan are catastrophic.,,,
Iran,32.43,53.69,food_insecurity,25,US sanctions and currency collapse have caused severe food price inflation for most Iranians.,,,
Iran,32.43,53.69,poverty,30,About 30% below the national poverty line; sanctions have driven living standards sharply lower.,,,
Iran,32.43,53.69,disease,22,Moderate burden; cardiovascular disease dominates; opium addiction is at epidemic levels.,,,
Iran,32.43,53.69,climate,48,Lake Urmia has nearly disappeared; water stress across the plateau is reaching crisis level.,,,
Iraq,33.22,43.68,food_insecurity,30,Post-ISIS reconstruction is incomplete; water scarcity is threatening agricultural livelihoods.,,,
Iraq,33.22,43.68,poverty,35,About 20% below the poverty line; southern and Sunni-majority areas face the highest rates.,,,
Iraq,33.22,43.68,disease,30,Moderate burden; water contamination drives waterborne disease; healthcare system is fragmented.,,,
Iraq,33.22,43.68,climate,55,Tigris-Euphrates flow has dropped 40% in 30 years; extreme heat reaching 50°C regularly.,,,
Ireland,53.41,-8.24,food_insecurity,4,Food generally secure; food bank demand has increased with housing and energy cost crises.,,,
Ireland,53.41,-8.24,poverty,9,About 12% at risk of poverty; housing crisis is the primary driver of deprivation.,,,
Ireland,53.41,-8.24,disease,7,Low burden; strong healthcare system; non-communicable diseases dominate.,,,
Ireland,53.41,-8.24,climate,20,Atlantic storm intensity is increasing; flooding of the Shannon River is a recurring emergency.,,,
Israel,31.05,34.85,food_insecurity,10,Generally food secure; Gaza conflict creates severe insecurity in Palestinian territories.,,,
Israel,31.05,34.85,poverty,15,About 22% below the poverty line; Arab and ultra-Orthodox communities face significantly higher rates.,,,
Israel,31.05,34.85,disease,8,Low burden; excellent healthcare system; chronic disease is the primary concern.,,,
Israel,31.05,34.85,climate,42,Eastern Mediterranean drying; water recycling is world-leading but demand is growing.,,,
Italy,41.87,12.57,food_insecurity,6,Generally food secure; food poverty affects southern Italy significantly more than the north.,,,
Italy,41.87,12.57,poverty,12,About 20% at risk of poverty; Mezzogiorno has structural poverty far above national average.,,,
Italy,41.87,12.57,disease,10,Low burden; aging population drives chronic disease; Mediterranean diet provides some protection.,,,
Italy,41.87,12.57,climate,32,Record heat and drought in 2022; Po Valley agriculture severely affected; Venice flooding.,,,
Jamaica,18.11,-77.3,food_insecurity,18,High food import dependency; hurricane disruption and poverty limit access for rural communities.,,,
Jamaica,18.11,-77.3,poverty,25,About 15% below the poverty line; high murder rates concentrate in poorest communities.,,,
Jamaica,18.11,-77.3,disease,22,HIV rates elevated; non-communicable diseases are the leading health burden.,,,
Jamaica,18.11,-77.3,climate,58,High hurricane exposure; coral reef bleaching threatens fisheries and coastal protection.,,,
Japan,36.2,138.25,food_insecurity,5,Food secure; child poverty is growing but food access is not significantly compromised.,,,
Japan,36.2,138.25,poverty,10,About 15% in relative poverty; child poverty and working poor are primary concerns.,,,
Japan,36.2,138.25,disease,8,Low burden; aging population drives chronic disease; universal healthcare is excellent.,,,
Japan,36.2,138.25,climate,35,Typhoon intensity increasing; extreme heat in summer; sea level rise threatening coastal megacities.,,,
Jordan,30.59,36.24,food_insecurity,25,Syrian refugee influx strains food systems; economic hardship limits nutritional diversity for the poor.,,,
Jordan,30.59,36.24,poverty,28,About 20% below the poverty line; refugee population adds 10 million people to a small economy.,,,
Jordan,30.59,36.24,disease,20,Moderate burden; non-communicable diseases dominate; refugee health burden is significant.,,,
Jordan,30.59,36.24,climate,50,One of the world's most water-scarce countries; rainfall declining and temperatures rising sharply.,,,
Kazakhstan,48.02,66.92,food_insecurity,12,Food generally secure; price shocks from Ukraine war have increased inflation and food costs.,,,
Kazakhstan,48.02,66.92,poverty,18,About 5% in extreme poverty; regional disparities are significant.,,,
Kazakhstan,48.02,66.92,disease,22,TB rates are high; cardiovascular disease is the leading killer; alcohol-related mortality is elevated.,,,
Kazakhstan,48.02,66.92,climate,40,Aral Sea desiccation is an ecological catastrophe; steppe drought cycles are intensifying.,,,
Kenya,-0.02,37.91,food_insecurity,54,Northern and eastern counties face severe stress after four consecutive failed rainy seasons.,,,
Kenya,-0.02,37.91,poverty,45,About 36% below the poverty line; northern and arid regions face extreme rural poverty.,,,
Kenya,-0.02,37.91,disease,56,HIV prevalence at 4.3%; malaria in western regions; TB rates high in Nairobi slums.,,,
Kenya,-0.02,37.91,climate,58,2022 drought was the worst in 40 years; erratic rainfall threatens smallholder farming across the country.,,,
Kiribati,1.87,157.36,food_insecurity,38,Saltwater intrusion is destroying taro gardens; fishing and food imports are under pressure.,,,
Kiribati,1.87,157.36,poverty,45,About 22% below the poverty line; remittances from overseas workers are the main income source.,,,
Kiribati,1.87,157.36,disease,40,Non-communicable diseases (diabetes, obesity) are at epidemic levels; TB is present.,,
Kiribati,1.87,157.36,climate,88,Existential threat from sea-level rise; the nation may become uninhabitable within decades.,,,
Kuwait,29.31,47.48,food_insecurity,8,Highly import-dependent but wealthy; strong subsidies prevent food insecurity among nationals.,,,
Kuwait,29.31,47.48,poverty,5,Very low poverty among nationals; migrant workers face exploitation and poor conditions.,,,
Kuwait,29.31,47.48,disease,12,High diabetes and obesity prevalence; non-communicable diseases are the primary health burden.,,,
Kuwait,29.31,47.48,climate,42,Among the world's hottest countries; extreme heat and water scarcity are structural vulnerabilities.,,,
Kyrgyzstan,41.2,74.77,food_insecurity,22,High food price inflation and poverty limit dietary diversity; remittance dependency creates vulnerability.,,,
Kyrgyzstan,41.2,74.77,poverty,32,About 20% below the national poverty line; rural southern Kyrgyzstan faces the highest rates.,,,
Kyrgyzstan,41.2,74.77,disease,28,TB rates are among the highest in the former Soviet Union; drug-resistant TB is a major concern.,,,
Kyrgyzstan,41.2,74.77,climate,45,Tian Shan glaciers are retreating; water stress and flooding in downstream valleys is increasing.,,,
Laos,17.97,102.6,food_insecurity,30,Malnutrition among highland minority groups is significant; hydropower dams disrupt downstream food systems.,,,
Laos,17.97,102.6,poverty,38,About 18% below the poverty line; highland ethnic minorities face the deepest poverty.,,,
Laos,17.97,102.6,disease,38,Malaria is endemic in remote areas; TB and dengue are significant burdens.,,,
Laos,17.97,102.6,climate,58,Mekong River flooding and drought disrupt the country's predominantly agricultural economy.,,,
Latvia,56.88,24.6,food_insecurity,8,EU member; food generally secure; poverty-related food stress among elderly is the primary concern.,,,
Latvia,56.88,24.6,poverty,14,About 22% at risk of poverty; one of the EU's highest at-risk rates; rural deprivation is significant.,,,
Latvia,56.88,24.6,disease,15,Cardiovascular disease is the leading killer; alcohol-related mortality is among Europe's highest.,,,
Latvia,56.88,24.6,climate,18,Baltic Sea flooding and coastal erosion are primary concerns; warming is accelerating.,,,
Lebanon,33.85,35.86,food_insecurity,45,Economic collapse has pushed 80% of the population into poverty; food prices rose 2,000% in three years.,,
Lebanon,33.85,35.86,poverty,55,80% below the poverty line following the currency collapse; worst economic crisis in Lebanon's history.,,,
Lebanon,33.85,35.86,disease,28,Healthcare system is collapsing; medicine shortages are severe; cholera re-emerged in 2022.,,,
Lebanon,33.85,35.86,climate,42,Water scarcity worsening; wildfires increasing; Beirut port explosion compounds environmental damage.,,,
Lesotho,-29.61,28.23,food_insecurity,42,Drought regularly drives food crises; 25% of children stunted; heavy dependence on South Africa.,,,
Lesotho,-29.61,28.23,poverty,60,About 49% below $1.90/day; remittances from South African mines are the primary income source.,,,
Lesotho,-29.61,28.23,disease,72,HIV prevalence at 21.1%; TB co-infection is the leading cause of death.,,,
Lesotho,-29.61,28.23,climate,52,Recurrent drought threatens highland agriculture; flooding in valleys is increasing.,,,
Liberia,6.43,-9.43,food_insecurity,55,Post-civil-war and post-Ebola fragility; structural poverty limits food access for rural communities.,,,
Liberia,6.43,-9.43,poverty,68,About 44% below $1.90/day; weak institutions and infrastructure perpetuate rural poverty.,,,
Liberia,6.43,-9.43,disease,72,Post-Ebola, the health system never fully recovered; malaria and TB are the leading killers.,,
Liberia,6.43,-9.43,climate,55,Coastal flooding and deforestation are increasing vulnerability; the forest buffer is shrinking rapidly.,,,
Libya,26.34,17.23,food_insecurity,48,Political fragmentation and import dependency leave populations vulnerable to supply disruptions.,,,
Libya,26.34,17.23,poverty,35,Oil wealth is unevenly distributed; conflict has impoverished large parts of the population.,,,
Libya,26.34,17.23,disease,30,Healthcare system is fragmented; conflict has prevented reconstruction of destroyed facilities.,,,
Libya,26.34,17.23,climate,52,Saharan desertification is intensifying; 2023 floods killed 11,000 in Derna due to dam failures.,,
Liechtenstein,47.17,9.56,food_insecurity,3,Among the world's wealthiest microstates; food insecurity is negligible.,,,
Liechtenstein,47.17,9.56,poverty,4,Virtually no poverty; among the world's highest living standards.,,,
Liechtenstein,47.17,9.56,disease,4,Excellent healthcare; disease burden is minimal.,,,
Liechtenstein,47.17,9.56,climate,15,Alpine glacial retreat is visible; mountain ecosystem disruption is the primary concern.,,,
Lithuania,55.17,23.88,food_insecurity,7,EU member; food generally accessible; rural poverty creates localized food stress.,,,
Lithuania,55.17,23.88,poverty,12,About 20% at risk of poverty; elderly and rural populations face the highest rates.,,,
Lithuania,55.17,23.88,disease,15,Cardiovascular disease and cancer dominate; alcohol-related mortality is the highest in the EU.,,,
Lithuania,55.17,23.88,climate,18,Baltic Sea flooding and forest fire risk are growing; warming is accelerating above EU average.,,,
Luxembourg,49.81,6.13,food_insecurity,3,Wealthiest country per capita in the EU; food insecurity is negligible.,,,
Luxembourg,49.81,6.13,poverty,6,About 18% at risk of poverty primarily due to high cost of living; strong social safety net.,,,
Luxembourg,49.81,6.13,disease,5,Excellent healthcare; low disease burden; aging population drives chronic disease.,,,
Luxembourg,49.81,6.13,climate,15,Flooding of the Sure and Moselle Rivers is a recurring but manageable concern.,,,
Madagascar,-20.28,46.87,food_insecurity,67,The southern Grand Sud region experiences near-famine conditions driven by climate shocks.,,,
Madagascar,-20.28,46.87,poverty,77,About 80% below $1.90/day; one of the world's highest extreme poverty rates.,,,
Madagascar,-20.28,46.87,disease,67,Plague outbreaks occur regularly; malaria mortality is high; vaccination coverage is very low.,,,
Madagascar,-20.28,46.87,climate,65,Cyclones Batsirai and Emnati devastated the island in 2022; drought in the south is severe.,,,
Malawi,-13.25,34.3,food_insecurity,64,Repeated cyclone damage to crops and chronic soil degradation drive food insecurity for 4.4 million.,,,
Malawi,-13.25,34.3,poverty,74,About 70% below $1.90/day; one of the world's poorest countries, heavily dependent on rain-fed agriculture.,,
Malawi,-13.25,34.3,disease,74,HIV prevalence at 8.1%; malaria kills 6,000 children annually; TB burden is high.,,
Malawi,-13.25,34.3,climate,67,Cyclone Freddy (2023) was the longest-lasting cyclone on record; killed over 1,000 Malawians.,,
Malaysia,4.21,108.04,food_insecurity,12,Food generally accessible; rising costs are squeezing the urban working poor.,,,
Malaysia,4.21,108.04,poverty,15,About 6% below the poverty line; Sabah and Sarawak face significantly higher rates.,,,
Malaysia,4.21,108.04,disease,18,TB and dengue are primary concerns; healthcare system is strong in urban areas.,,,
Malaysia,4.21,108.04,climate,45,Recurrent monsoon flooding; deforestation accelerating land degradation and river sedimentation.,,,
Maldives,3.2,73.22,food_insecurity,15,Highly import-dependent; economic and logistical disruption can rapidly cause food stress.,,,
Maldives,3.2,73.22,poverty,18,Low poverty but high vulnerability; tourism-dependent economy is fragile.,,,
Maldives,3.2,73.22,disease,15,Low burden; non-communicable diseases are the primary concern.,,,
Maldives,3.2,73.22,climate,85,80% of land is below 1 meter above sea level; the entire nation faces existential threat from sea-level rise.,,,
Mali,17.57,-3.99,food_insecurity,69,Jihadist insurgency and Sahel drought have cut agricultural output across central regions.,,,
Mali,17.57,-3.99,poverty,66,About 49% below $1.90/day; conflict has reversed development gains in the north and center.,,,
Mali,17.57,-3.99,disease,70,Malaria accounts for 30% of child deaths; conflict has made northern healthcare zones inaccessible.,,,
Mali,17.57,-3.99,climate,66,Sahel temperatures rising 1.5x faster than global average; desertification drives farmer-herder conflict.,,,
Malta,35.94,14.38,food_insecurity,5,EU member; food secure; small island geography creates some import dependency.,,,
Malta,35.94,14.38,poverty,10,About 16% at risk of poverty; migrant workers and elderly face the highest rates.,,,
Malta,35.94,14.38,disease,8,Low burden; cardiovascular disease is the primary concern; Mediterranean diet provides protection.,,,
Malta,35.94,14.38,climate,30,Sea-level rise threatens the low-lying island; water scarcity is an acute structural challenge.,,,
Marshall Islands,7.13,171.18,food_insecurity,25,Saltwater intrusion and drought degrade local food production; import dependency is near-total.,,,
Marshall Islands,7.13,171.18,poverty,32,About 20% below the poverty line; remittances from the US are the primary income source.,,,
Marshall Islands,7.13,171.18,disease,28,Diabetes prevalence is among the world's highest; TB is present; healthcare access is limited.,,,
Marshall Islands,7.13,171.18,climate,86,Average elevation under 2 meters; storm surges already contaminating freshwater lenses.,,,
Mauritania,20.29,-10.94,food_insecurity,48,Sahel drought and desert encroachment threaten food security for a majority of the population.,,,
Mauritania,20.29,-10.94,poverty,55,About 31% below the national poverty line; desert agriculture limits economic diversification.,,,
Mauritania,20.29,-10.94,disease,58,High malaria burden; TB rates are elevated; healthcare access outside Nouakchott is minimal.,,,
Mauritania,20.29,-10.94,climate,68,Saharan desertification is consuming agricultural land; water stress is at crisis levels.,,,
Mauritius,-20.29,57.55,food_insecurity,12,Middle-income island; food generally accessible but import dependency creates price vulnerability.,,,
Mauritius,-20.29,57.55,poverty,15,About 10% below the national poverty line; Creole communities face disproportionate exclusion.,,,
Mauritius,-20.29,57.55,disease,18,Non-communicable diseases and diabetes are the primary health burdens.,,,
Mauritius,-20.29,57.55,climate,55,Cyclone exposure is significant; coral reef bleaching threatens tourism and fisheries.,,,
Mexico,23.63,-102.55,food_insecurity,18,Food insecurity affects 20% of the population; cartel activity disrupts rural food supply chains.,,,
Mexico,23.63,-102.55,poverty,32,About 36% below the national poverty line; Guerrero, Chiapas, and Oaxaca face the highest rates.,
Mexico,23.63,-102.55,disease,22,Diabetes and obesity are at epidemic levels; dengue is worsening with climate change.,,,
Mexico,23.63,-102.55,climate,45,Northern drought threatens water supply; Pacific coast faces intensifying hurricane seasons.,,,
Micronesia,7.43,150.55,food_insecurity,22,Remote island geography limits food access; typhoon disruptions are recurrent.,,,
Micronesia,7.43,150.55,poverty,35,About 25% in poverty; economic dependence on US compact grants limits self-sufficiency.,,,
Micronesia,7.43,150.55,disease,30,Diabetes and non-communicable diseases are at epidemic levels; TB is present.,,,
Micronesia,7.43,150.55,climate,80,Low-lying atolls face existential risk; Typhoon Maysak caused catastrophic damage in 2020.,,,
Moldova,47.41,28.37,food_insecurity,18,Food generally accessible but high inflation and poverty limit dietary quality for the poor.,,,
Moldova,47.41,28.37,poverty,28,About 25% below the poverty line; Transnistria conflict and emigration have hollowed out the economy.,,,
Moldova,47.41,28.37,disease,25,TB rates are above the regional average; cardiovascular disease is the leading killer.,,,
Moldova,47.41,28.37,climate,25,Drought has damaged agricultural output significantly in recent years.,,,
Monaco,43.73,7.4,food_insecurity,3,Wealthiest microstate in the world; food insecurity is negligible.,,,
Monaco,43.73,7.4,poverty,3,Virtually no poverty; highest GDP per capita globally.,,,
Monaco,43.73,7.4,disease,4,Excellent healthcare; very low disease burden.,,,
Monaco,43.73,7.4,climate,20,Sea-level rise threatens the coastal principality; Mediterranean heatwaves are intensifying.,,,
Mongolia,46.86,103.85,food_insecurity,20,Dzud (harsh winter) events wipe out livestock herds; nomadic communities face periodic food crises.,,,
Mongolia,46.86,103.85,poverty,28,About 28% below the national poverty line; urban migration is creating new urban poverty.,,,
Mongolia,46.86,103.85,disease,25,TB rates are significantly elevated; air pollution in Ulaanbaatar causes severe respiratory disease.,,,
Mongolia,46.86,103.85,climate,48,Warming is occurring at nearly 3x the global average; dzud events and desertification are intensifying.,,,
Montenegro,42.71,19.37,food_insecurity,12,Food generally accessible; tourism-dependent economy creates some vulnerability to external shocks.,,,
Montenegro,42.71,19.37,poverty,18,About 24% at risk of poverty; rural areas face higher rates; EU accession is a driver of improvement.,,,
Montenegro,42.71,19.37,disease,15,Cardiovascular disease is the primary concern; healthcare system is improving.,,,
Montenegro,42.71,19.37,climate,30,Adriatic coastal flooding and wildfire risk are increasing.,,,
Morocco,31.79,-7.09,food_insecurity,22,Food generally accessible; drought in 2022 caused significant agricultural losses.,,,
Morocco,31.79,-7.09,poverty,30,About 4% in extreme poverty; rural areas have significantly higher rates.,,,
Morocco,31.79,-7.09,disease,25,Moderate burden; cardiovascular disease and diabetes are primary concerns.,,,
Morocco,31.79,-7.09,climate,50,Water stress is intensifying; the High Atlas snowpack is declining, threatening irrigation.,,
Mozambique,-18.67,35.53,food_insecurity,66,Cyclones and northern insurgency compound displacement; 4 million people are acutely food insecure.,,,
Mozambique,-18.67,35.53,poverty,72,About 65% below the poverty line; gas discoveries have not reached the poor.,,,
Mozambique,-18.67,35.53,disease,76,HIV prevalence at 12.6%; one of the world's highest TB burdens and malaria mortality rates.,,,
Mozambique,-18.67,35.53,climate,72,Three major cyclones since 2019 have devastated the northern coast and farmland.,,,
Myanmar,21.92,95.96,food_insecurity,62,Post-coup economic collapse and conflict have tripled the food-insecure population to 13 million.,,,
Myanmar,21.92,95.96,poverty,48,About 40% below the poverty line following the 2021 military coup.,,,
Myanmar,21.92,95.96,disease,52,Military coup has dismantled the health system; TB and malaria are resurging in conflict zones.,,,
Myanmar,21.92,95.96,climate,63,Cyclone Mocha (2023) was the strongest Bay of Bengal storm in decades; coastal communities devastated.,,,
Namibia,-22.96,18.49,food_insecurity,28,Drought stress affects subsistence farmers; northern communal areas face recurrent food crises.,,,
Namibia,-22.96,18.49,poverty,45,About 17% in extreme poverty; world's second-most unequal country by Gini index (~59).,,,
Namibia,-22.96,18.49,disease,55,HIV prevalence at 11.6%; TB co-infection is common; healthcare access in rural areas is limited.,,,
Namibia,-22.96,18.49,climate,58,Southern Africa drying trend is severe; 2019 drought was declared a national emergency.,,,
Nauru,-0.52,166.93,food_insecurity,18,Near-total import dependency; limited domestic food production; fishing is the primary local source.,,,
Nauru,-0.52,166.93,poverty,25,The phosphate boom has ended; the economy is now near-entirely dependent on Australia.,,,
Nauru,-0.52,166.93,disease,35,Diabetes and obesity prevalence are among the world's highest; life expectancy is declining.,,,
Nauru,-0.52,166.93,climate,72,Low-lying atoll facing sea-level rise; storm surges threaten freshwater lens and infrastructure.,,,
Nepal,28.39,84.12,food_insecurity,30,Mountain communities face seasonal food insecurity; malnutrition rates are high in remote districts.,,,
Nepal,28.39,84.12,poverty,38,About 21% below the poverty line; mountain and Terai regions face the deepest poverty.,,,
Nepal,28.39,84.12,disease,38,High TB burden; malaria in the Terai; healthcare access in mountain regions is extremely limited.,,,
Nepal,28.39,84.12,climate,62,Glacial lake outburst floods threaten downstream communities; monsoon flooding is intensifying.,,,
Netherlands,52.13,5.29,food_insecurity,3,Among the world's most food-secure nations; world's second-largest food exporter.,,,
Netherlands,52.13,5.29,poverty,8,About 13% at risk of poverty; housing cost crisis is the primary driver of hardship.,,,
Netherlands,52.13,5.29,disease,6,Low burden; one of the world's best healthcare systems.,,,
Netherlands,52.13,5.29,climate,25,One of the world's most flood-exposed countries; 26% of land is below sea level.,,,
New Zealand,-40.9,174.89,food_insecurity,5,Food secure; Indigenous Māori and Pacific communities face disproportionate food insecurity.,,,
New Zealand,-40.9,174.89,poverty,10,About 14% below the poverty line; child poverty is a political priority.,,,
New Zealand,-40.9,174.89,disease,7,Low burden; strong healthcare system; non-communicable diseases dominate.,,,
New Zealand,-40.9,174.89,climate,30,Cyclone Gabrielle (2023) caused $13bn in damage; flooding and wildfire risk are increasing.,,,
Nicaragua,12.87,-85.21,food_insecurity,46,Rural communities face recurring drought cycles; political crisis has eroded social safety nets.,,,
Nicaragua,12.87,-85.21,poverty,42,About 25% below the poverty line; political repression has suppressed economic development.,,,
Nicaragua,12.87,-85.21,disease,30,Dengue and chikungunya are endemic; the healthcare system has deteriorated under political isolation.,,,
Nicaragua,12.87,-85.21,climate,55,The Dry Corridor drives chronic drought; hurricane flooding hits both coasts.,,,
Niger,17.61,8.08,food_insecurity,77,Poorest country by HDI — recurrent drought, locust swarms, and insurgency leave 4 million acutely hungry.,
Niger,17.61,8.08,poverty,79,Bottom of the Human Development Index; 45% in extreme poverty with virtually no safety net.,,,
Niger,17.61,8.08,disease,80,Highest child mortality in the world; meningitis, cholera, malaria, and measles are all endemic.
Niger,17.61,8.08,climate,70,Most exposed Sahel nation to desertification; 80% of land is desert and expanding southward.,,,
Nigeria,9.08,8.68,food_insecurity,68,Boko Haram and farmer-herder violence in the north; 25 million people acutely food insecure.,,,
Nigeria,9.08,8.68,poverty,47,Most poor people in absolute terms live in Nigeria — over 95 million below $1.90/day.,,,
Nigeria,9.08,8.68,disease,74,Africa's largest disease burden — HIV, TB, malaria, and polio in the northeast are all critical.
Nigeria,9.08,8.68,climate,56,2022 flooding displaced 1.4 million; Lake Chad desiccation is driving northern displacement.,,,
North Korea,40.34,127.51,food_insecurity,52,Decades of mismanagement and sanctions; 42% food insecure; famine conditions reported in rural areas.,,,
North Korea,40.34,127.51,poverty,45,No reliable data; GDP among the world's lowest; widespread material deprivation confirmed by defectors.,,,
North Korea,40.34,127.51,disease,40,Malnutrition compounds disease vulnerability; TB rates are very high; healthcare is systemically underfunded.,,,
North Korea,40.34,127.51,climate,38,Typhoons and flooding regularly devastate crops; soil degradation is severe from decades of intensive farming.,,,
North Macedonia,41.61,21.75,food_insecurity,15,Food generally accessible; economic challenges create food poverty in rural and Roma communities.,,,
North Macedonia,41.61,21.75,poverty,22,About 22% at risk of poverty; regional disparities and ethnic minority exclusion are significant.,,,
North Macedonia,41.61,21.75,disease,18,Cardiovascular disease dominates; air pollution in Tetovo and Bitola is among Europe's worst.,,,
North Macedonia,41.61,21.75,climate,32,Drought and wildfire risk are increasing; Vardar river flow is declining significantly.,,,
Norway,60.47,8.47,food_insecurity,3,Among the world's most food-secure nations; strong welfare state and domestic production.,,,
Norway,60.47,8.47,poverty,6,Among the world's lowest poverty rates; strong oil-funded welfare system.,,,
Norway,60.47,8.47,disease,5,Very low burden; excellent healthcare; aging population drives chronic disease.,,,
Norway,60.47,8.47,climate,15,Arctic warming is dramatic; glaciers retreating; fisheries and indigenous Sami culture threatened.,,,
Oman,21.47,55.98,food_insecurity,10,Heavily import-dependent but wealthy; subsidies and oil revenues prevent food insecurity.,,,
Oman,21.47,55.98,poverty,8,Low poverty; migrant workers face exploitation and poor conditions.,,,
Oman,21.47,55.98,disease,12,Non-communicable diseases dominate; diabetes prevalence is very high.,,,
Oman,21.47,55.98,climate,48,Extreme heat; 2019 Cyclone Mekunu was one of the strongest on record; water scarcity is acute.,,,
Pakistan,30.38,69.35,food_insecurity,50,The 2022 megaflood displaced 8 million and destroyed standing crops; recovery is incomplete.,,,
Pakistan,30.38,69.35,poverty,40,About 35% below the national poverty line; economic crisis in 2023 deepened deprivation.,,,
Pakistan,30.38,69.35,disease,44,Polio remains endemic; world's fifth-highest TB burden; air pollution drives respiratory disease.,,,
Pakistan,30.38,69.35,climate,74,2022 floods submerged one-third of the country; glacial lake outburst floods are increasing.,,,
Palau,7.51,134.58,food_insecurity,12,Import-dependent but middle-income; food access is generally adequate.,,,
Palau,7.51,134.58,poverty,18,Low poverty; economic dependence on tourism creates vulnerability.,,,
Palau,7.51,134.58,disease,15,Non-communicable diseases are the primary concern; TB is present.,,,
Palau,7.51,134.58,climate,68,Sea-level rise and ocean acidification threaten coral reefs and the fisheries communities depend on.,,,
Panama,8.54,-80.78,food_insecurity,18,Food generally accessible; Indigenous communities in Darién and Ngäbe regions face food insecurity.,,,
Panama,8.54,-80.78,poverty,28,About 14% below the poverty line; Indigenous communities have poverty rates above 60%.,,,
Panama,8.54,-80.78,disease,22,Moderate burden; dengue is endemic; Darién crossing has created a new disease burden from migrants.,,,
Panama,8.54,-80.78,climate,50,Panama Canal water levels at record lows in 2023, restricting global shipping; flooding is increasing.,,
Papua New Guinea,-6.31,143.96,food_insecurity,45,Remote geography limits food access; 40% subsistence farming; drought and flooding are recurrent.,,,
Papua New Guinea,-6.31,143.96,poverty,56,About 40% in subsistence poverty outside the cash economy; resource wealth bypasses most people.,,,
Papua New Guinea,-6.31,143.96,disease,57,Drug-resistant TB at crisis levels; malaria and HIV rising in rural provinces with no infrastructure.,,,
Papua New Guinea,-6.31,143.96,climate,65,Coastal communities face sea-level rise; extreme rainfall events are increasing in frequency.,,,
Paraguay,-23.44,-58.44,food_insecurity,18,Food generally available; landless campesino communities face chronic food insecurity.,,,
Paraguay,-23.44,-58.44,poverty,30,About 25% below the poverty line; extreme inequality between landed and landless is the primary driver.,,,
Paraguay,-23.44,-58.44,disease,25,Dengue outbreaks have been severe; leishmaniasis is endemic in rural areas.,,,
Paraguay,-23.44,-58.44,climate,42,Drought and flooding from Paraguay River alternate; Chaco deforestation is accelerating.,,,
Peru,-9.19,-75.02,food_insecurity,22,Andean and Amazonian communities face food insecurity; economic instability has increased urban hunger.,,,
Peru,-9.19,-75.02,poverty,32,About 27% below the national poverty line; rural Andean communities face the deepest poverty.,,,
Peru,-9.19,-75.02,disease,25,Dengue at epidemic levels in 2024; TB burden is significant; healthcare deserts in the Amazon.,,,
Peru,-9.19,-75.02,climate,50,Andean glaciers retreating; 2023 El Niño caused catastrophic flooding and drought simultaneously.,,,
Philippines,12.88,121.77,food_insecurity,25,Typhoon disruptions cause periodic food crises; 14% chronically food insecure.,,,
Philippines,12.88,121.77,poverty,35,About 18% below the poverty line; Mindanao and Visayas face the highest rates.,,,
Philippines,12.88,121.77,disease,35,TB is a major burden; dengue is hyperendemic; healthcare access in outer islands is limited.,,,
Philippines,12.88,121.77,climate,79,World's most disaster-prone country; 20+ typhoons per year; sea-level rise threatening millions.,,,
Poland,51.92,19.15,food_insecurity,6,EU member; food generally secure; post-Ukraine inflation increased food poverty among the poor.,,,
Poland,51.92,19.15,poverty,10,About 15% at risk of poverty; eastern regions and rural areas face the highest rates.,,,
Poland,51.92,19.15,disease,12,Cardiovascular disease is the leading killer; air pollution from coal is a major public health crisis.,,,
Poland,51.92,19.15,climate,22,Drought in central Poland; flooding in mountain regions; coal dependency drives high emissions.,,,
Portugal,39.4,-8.22,food_insecurity,5,Food generally secure; economic inequality means food poverty affects the working poor.,,,
Portugal,39.4,-8.22,poverty,12,About 17% at risk of poverty; interior regions face higher rates; housing costs drive deprivation.,,,
Portugal,39.4,-8.22,disease,8,Low burden; aging population drives chronic disease.,,,
Portugal,39.4,-8.22,climate,38,Wildfires in 2017 and 2022 killed hundreds; southern Portugal faces desertification.,,,
Qatar,25.35,51.18,food_insecurity,8,Extremely wealthy; food imports are heavily subsidized; near-zero food insecurity.,,,
Qatar,25.35,51.18,poverty,3,Very low poverty among nationals; migrant workers face serious labor rights abuses.,,,
Qatar,25.35,51.18,disease,10,Non-communicable diseases dominate; diabetes and cardiovascular disease are primary concerns.,,,
Qatar,25.35,51.18,climate,40,Among the world's hottest countries; extreme heat makes outdoor labor deadly; water dependency is total.,,,
Romania,45.94,24.97,food_insecurity,12,Food generally accessible; rural poverty limits nutritional quality and dietary diversity.,,,
Romania,45.94,24.97,poverty,20,About 24% at risk of poverty; highest rate in the EU; rural Romania faces severe deprivation.,,,
Romania,45.94,24.97,disease,20,Cardiovascular disease and cancer are leading causes; TB rates are the EU's highest.,,,
Romania,45.94,24.97,climate,28,Danube flooding and Black Sea erosion are worsening; drought in 2022 was severe.,,,
Russia,61.52,105.32,food_insecurity,10,Food generally accessible; sanctions have caused some substitution but not insecurity.,,,
Russia,61.52,105.32,poverty,15,About 9% below the national poverty line; war costs and sanctions are increasing economic pressure.,,,
Russia,61.52,105.32,disease,20,Cardiovascular disease is the leading killer; TB rates are elevated; HIV rates are rising.,,,
Russia,61.52,105.32,climate,32,Arctic warming at unprecedented rates; Siberian wildfires; permafrost thaw threatening infrastructure.,,,
Rwanda,-1.94,29.87,food_insecurity,40,Smallholder agriculture is vulnerable to drought; malnutrition rates among children are significant.,,,
Rwanda,-1.94,29.87,poverty,52,About 38% below the national poverty line; strong governance has driven poverty reduction.,,,
Rwanda,-1.94,29.87,disease,55,HIV prevalence at 2.5%; malaria is the leading cause of illness; TB burden is moderate.,,,
Rwanda,-1.94,29.87,climate,52,Flooding and landslides in the hilly terrain kill hundreds annually; rainfall is becoming erratic.,,,
Saint Kitts and Nevis,17.36,-62.78,food_insecurity,10,Small wealthy island; food generally accessible; hurricane exposure creates periodic disruption.,,,
Saint Kitts and Nevis,17.36,-62.78,poverty,18,About 21% below the poverty line; economic inequality between islands is significant.,,,
Saint Kitts and Nevis,17.36,-62.78,disease,12,Non-communicable diseases are the primary concern; dengue is seasonal.,,,
Saint Kitts and Nevis,17.36,-62.78,climate,52,High hurricane risk; sea-level rise threatens coastal communities and infrastructure.,,,
Saint Lucia,13.91,-60.98,food_insecurity,12,Import-dependent; food generally accessible but hurricane exposure creates periodic disruption.,,,
Saint Lucia,13.91,-60.98,poverty,22,About 25% below the poverty line; banana industry collapse has not been fully replaced.,,,
Saint Lucia,13.91,-60.98,disease,15,Non-communicable diseases dominate; dengue is endemic.,,,
Saint Lucia,13.91,-60.98,climate,62,High hurricane risk; sea-level rise threatens the coastline; coral reef bleaching is intensifying.,,,
Saint Vincent and the Grenadines,13.25,-61.2,food_insecurity,12,La Soufrière volcano eruption in 2021 displaced 20,000 and destroyed crops; recovery is ongoing.,,
Saint Vincent and the Grenadines,13.25,-61.2,poverty,25,About 30% below the poverty line; post-volcanic economic recovery is incomplete.,,,
Saint Vincent and the Grenadines,13.25,-61.2,disease,15,Non-communicable diseases are the primary burden; dengue is seasonal.,,,
Saint Vincent and the Grenadines,13.25,-61.2,climate,62,Active volcano risk; hurricane exposure; sea-level rise threatening low-lying Grenadine islands.,,,
Samoa,-13.76,-172.1,food_insecurity,18,Food generally accessible; cyclone disruption causes periodic food stress.,,,
Samoa,-13.76,-172.1,poverty,25,About 17% below the poverty line; remittances from New Zealand and Australia are critical.,,,
Samoa,-13.76,-172.1,disease,22,Non-communicable diseases and diabetes are at epidemic levels; measles outbreak in 2019 killed 83 people.,,,
Samoa,-13.76,-172.1,climate,72,Cyclone exposure is high; Cyclone Evan caused severe damage; sea-level rise threatens coastal villages.,,,
San Marino,43.94,12.46,food_insecurity,3,Wealthy microstate; food insecurity is negligible.,,,
San Marino,43.94,12.46,poverty,4,Virtually no poverty; among the world's highest living standards.,,,
San Marino,43.94,12.46,disease,4,Excellent healthcare; very low disease burden.,,,
San Marino,43.94,12.46,climate,15,Linked to Italy's climate challenges; heatwaves and drought are worsening.,,,
Sao Tome and Principe,0.19,6.61,food_insecurity,35,Small island economy dependent on cocoa; food import dependency creates vulnerability.,,,
Sao Tome and Principe,0.19,6.61,poverty,48,About 66% below the national poverty line; oil revenues have been modest.,,,
Sao Tome and Principe,0.19,6.61,disease,50,Malaria burden is significant; healthcare access is limited outside the capital.,,,
Sao Tome and Principe,0.19,6.61,climate,58,Sea-level rise threatens coastal communities; irregular rainfall affects agriculture.,,,
Saudi Arabia,23.89,45.08,food_insecurity,8,Wealthy oil state with heavily subsidized food; near-zero food insecurity for nationals.,,,
Saudi Arabia,23.89,45.08,poverty,5,Low poverty among nationals; foreign workers face exploitation and poor conditions.,,,
Saudi Arabia,23.89,45.08,disease,12,Diabetes and obesity are at epidemic levels; heat-related illness is a growing concern.,,,
Saudi Arabia,23.89,45.08,climate,45,Extreme heat regularly exceeds 50°C; near-total water dependency on desalination.,,,
Senegal,14.5,-14.45,food_insecurity,40,Sahel drought and limited agricultural productivity affect food security for rural populations.,,,
Senegal,14.5,-14.45,poverty,50,About 38% below the national poverty line; Casamance region faces conflict-related poverty.,,,
Senegal,14.5,-14.45,disease,55,Malaria is a major burden; TB rates are significant; cholera outbreaks occur regularly.,,,
Senegal,14.5,-14.45,climate,61,Coastal erosion destroying fishing villages; rainfall variability threatens groundnut harvests.,,,
Serbia,44.02,21.01,food_insecurity,10,Food generally accessible; poverty-related food insecurity affects rural and elderly communities.,,,
Serbia,44.02,21.01,poverty,18,About 24% at risk of poverty; Roma communities face extreme exclusion.,,,
Serbia,44.02,21.01,disease,18,Cardiovascular disease is the leading cause of death; cancer rates are above EU average.,,,
Serbia,44.02,21.01,climate,28,Flooding and drought cycles are intensifying; Danube River water levels are increasingly erratic.,,,
Seychelles,-4.68,55.49,food_insecurity,10,Middle-income island; food generally accessible but total import dependency creates vulnerability.,,,
Seychelles,-4.68,55.49,poverty,12,Low poverty; the poorest segments of society are concentrated in social housing.,,,
Seychelles,-4.68,55.49,disease,15,Non-communicable diseases and dengue are primary concerns.,,,
Seychelles,-4.68,55.49,climate,62,Coral bleaching threatens the ecosystem that underpins tourism and fisheries.,,,
Sierra Leone,8.46,-11.78,food_insecurity,61,Post-Ebola structural fragility; 56% food insecure; reliance on subsistence farming is high.,,,
Sierra Leone,8.46,-11.78,poverty,69,About 56% below $1.90/day; decades of conflict and Ebola have perpetuated extreme poverty.,,,
Sierra Leone,8.46,-11.78,disease,78,2014 Ebola destroyed the health system; maternal mortality is the world's highest; malaria kills thousands.,,,
Sierra Leone,8.46,-11.78,climate,55,Coastal erosion and flooding are intensifying; the 2017 Freetown landslide killed over 1,000 people.,,
Slovakia,48.67,19.7,food_insecurity,5,EU member; food generally secure; Roma communities face significant food poverty.,,,
Slovakia,48.67,19.7,poverty,10,About 12% at risk of poverty; Roma population faces severe exclusion and poverty.,,,
Slovakia,48.67,19.7,disease,12,Cardiovascular disease is the leading killer; alcohol and tobacco use are high.,,,
Slovakia,48.67,19.7,climate,20,Flooding in the Danube basin; drought affecting agriculture in southern Slovakia.,,,
Slovenia,46.15,14.99,food_insecurity,4,EU member; food secure; food bank usage is low.,,,
Slovenia,46.15,14.99,poverty,8,About 12% at risk of poverty; one of the EU's more equal income distributions.,,,
Slovenia,46.15,14.99,disease,8,Low burden; aging population; excellent healthcare system.,,,
Slovenia,46.15,14.99,climate,22,2023 flooding was the most catastrophic in Slovenia's history; over $500m in damage.,,,
Solomon Islands,-9.64,160.16,food_insecurity,35,Subsistence farming is the primary food source; cyclone disruptions cause recurrent food crises.,,,
Solomon Islands,-9.64,160.16,poverty,45,About 25% below the national poverty line; geographic fragmentation limits economic development.,,,
Solomon Islands,-9.64,160.16,disease,40,Malaria is hyperendemic; TB rates are significant; healthcare access on outer islands is minimal.,,,
Solomon Islands,-9.64,160.16,climate,80,Low-lying islands are being submerged; saltwater intrusion has destroyed taro farms on several atolls.,,,
Somalia,5.15,46.2,food_insecurity,87,Decades of conflict, failed rains, and al-Shabaab blockades repeatedly push Somalia to near-famine.,
Somalia,5.15,46.2,poverty,71,No functioning national economy for decades; poverty is structural and conflict-reinforced.,,,
Somalia,5.15,46.2,disease,77,Cholera, measles, and malaria are endemic; vaccination coverage below 30% due to access restrictions.,
Somalia,5.15,46.2,climate,68,Worst drought in 40 years struck in 2022; climate shocks directly fuel conflict over scarce resources.,,,
South Africa,-30.56,22.94,food_insecurity,28,High inequality means 20% face food insecurity despite the country being a major food producer.,,,
South Africa,-30.56,22.94,poverty,42,About 55% below the upper-bound poverty line; extreme unemployment (33%) drives deprivation.,,,
South Africa,-30.56,22.94,disease,65,HIV prevalence at 13.7% — the world's largest epidemic; TB is the leading infectious disease killer.,,,
South Africa,-30.56,22.94,climate,52,Cape Town near ran out of water in 2018; flooding in KwaZulu-Natal (2022) killed 435 people.,,,
South Korea,35.91,127.77,food_insecurity,5,Food secure; strong import capacity and domestic agriculture; low food poverty.,,,
South Korea,35.91,127.77,poverty,10,About 15% in relative poverty; the elderly face disproportionately high rates.,,,
South Korea,35.91,127.77,disease,8,Low burden; aging population; excellent universal healthcare.,,,
South Korea,35.91,127.77,climate,32,Typhoon exposure; extreme heat; rice production affected by warming temperatures.,,,
South Sudan,7.86,29.69,food_insecurity,89,The world's worst food crisis per capita; conflict, floods, and displacement drive near-famine conditions.,
South Sudan,7.86,29.69,poverty,84,95% below $1.90/day — the highest extreme poverty rate in the world.,,,
South Sudan,7.86,29.69,disease,82,World's lowest health spending; kala-azar, cholera, malaria, and measles outbreaks are routine.
South Sudan,7.86,29.69,climate,58,Extreme flooding has submerged vast areas; conflict prevents any climate adaptation capacity.,,,
Spain,40.46,-3.75,food_insecurity,6,Food generally secure; food bank demand has risen significantly with inflation; southern Spain faces rural poverty.,,,
Spain,40.46,-3.75,poverty,14,About 21% at risk of poverty; Andalusia and Extremadura face the highest rates.,,,
Spain,40.46,-3.75,disease,8,Low burden; excellent healthcare; aging population drives chronic disease.,,,
Spain,40.46,-3.75,climate,38,Southeastern Spain faces desertification; Valencia flooding (2024) killed hundreds; wildfire risk is severe.,,,
Sri Lanka,7.87,80.77,food_insecurity,28,2022 economic collapse caused severe food insecurity; recovery is underway but fragile.,,,
Sri Lanka,7.87,80.77,poverty,30,About 25% below the poverty line after the 2022 crisis; the IMF program is stabilizing the situation.,,,
Sri Lanka,7.87,80.77,disease,22,Non-communicable diseases dominate; dengue is endemic; healthcare access has improved significantly.,,,
Sri Lanka,7.87,80.77,climate,55,Monsoon flooding and drought alternate annually; sea-level rise threatens coastal communities.,,,
Sudan,12.86,30.22,food_insecurity,76,2023 civil war destroyed food infrastructure; over 17 million face acute food insecurity.,,,
Sudan,12.86,30.22,poverty,60,Decades of conflict and now full-scale civil war have pushed the majority into poverty.,,,
Sudan,12.86,30.22,disease,68,2023 war has destroyed 70-80% of Khartoum hospitals; cholera and measles are spreading rapidly.,,,
Sudan,12.86,30.22,climate,64,Sahel desertification and Nile flow variability are primary drivers of resource-based conflict.,,,
Suriname,3.92,-56.03,food_insecurity,20,Food generally accessible; interior indigenous communities face chronic food insecurity.,,,
Suriname,3.92,-56.03,poverty,32,About 18% below the poverty line; interior Maroon and Indigenous communities face the highest rates.,,,
Suriname,3.92,-56.03,disease,28,HIV rates are elevated; malaria is endemic in the interior; dengue is hyperendemic on the coast.,,,
Suriname,3.92,-56.03,climate,52,Low-lying coastal plain faces sea-level rise; flooding is a structural risk.,,,
Sweden,60.13,18.64,food_insecurity,3,Among the world's most food-secure nations; strong welfare state and domestic production.,,,
Sweden,60.13,18.64,poverty,6,About 15% at risk of poverty; immigrant communities face disproportionate exclusion.,,,
Sweden,60.13,18.64,disease,5,Very low burden; excellent universal healthcare; aging population is the primary challenge.,,,
Sweden,60.13,18.64,climate,15,Arctic warming affecting the north; wildfires in 2018 were the worst in modern history.,,,
Switzerland,46.82,8.23,food_insecurity,3,Among the world's most food-secure nations; strong welfare system and agricultural policy.,,,
Switzerland,46.82,8.23,poverty,7,About 15% at risk of poverty; high cost of living creates relative deprivation among the working poor.,,,
Switzerland,46.82,8.23,disease,5,Excellent healthcare; very low disease burden; aging population drives chronic disease.,,,
Switzerland,46.82,8.23,climate,18,Alpine glaciers losing mass at record rates; the Rhine is at record low levels affecting downstream countries.,,,
Syria,34.8,38.99,food_insecurity,67,Twelve years of war collapsed agriculture and trade; over 12 million are food insecure.,,,
Syria,34.8,38.99,poverty,65,About 90% below the poverty line; economic sanctions and conflict have destroyed the economy.,,,
Syria,34.8,38.99,disease,42,Healthcare system is devastated; cholera re-emerged in 2022; COVID vaccination is minimal.,,,
Syria,34.8,38.99,climate,52,Pre-war drought was a contributing factor to conflict; water scarcity is deepening.,,,
Tajikistan,38.86,71.28,food_insecurity,32,About 20% food insecure; remittance dependency creates vulnerability to external shocks.,,,
Tajikistan,38.86,71.28,poverty,45,About 27% below the national poverty line; most of Central Asia's poorest population.,,,
Tajikistan,38.86,71.28,disease,38,TB rates are among the region's highest; drug-resistant TB is a major concern; healthcare is underfunded.,,,
Tajikistan,38.86,71.28,climate,48,Pamir glacier retreat threatens downstream water supply for millions; flooding from glacial lakes.,,,
Tanzania,-6.37,34.89,food_insecurity,45,Food insecurity affects 30% of the population; northern regions face drought stress.,,,
Tanzania,-6.37,34.89,poverty,52,About 45% below the national poverty line; significant rural poverty in the mainland and islands.,,,
Tanzania,-6.37,34.89,disease,58,HIV prevalence at 5%; high malaria burden; TB rates remain elevated.,,,
Tanzania,-6.37,34.89,climate,60,El Niño flooding and drought alternate; Kilimanjaro's glaciers may disappear within a decade.,,,
Thailand,15.87,100.99,food_insecurity,15,Food generally accessible; urban working poor face affordability challenges.,,,
Thailand,15.87,100.99,poverty,22,About 7% below the national poverty line; the deep south and northern highlands face higher rates.,,,
Thailand,15.87,100.99,disease,22,TB burden is moderate; dengue is hyperendemic; HIV concentrated in border regions.,,,
Thailand,15.87,100.99,climate,50,Severe flooding in 2011 caused $46bn in damage; drought threatens rice production.,,,
Timor-Leste,-8.87,125.73,food_insecurity,48,Malnutrition affects 45% of children; food insecurity is structurally rooted in land and poverty.,,,
Timor-Leste,-8.87,125.73,poverty,55,About 42% below the poverty line; oil revenues are declining as Timor Sea fields deplete.,,,
Timor-Leste,-8.87,125.73,disease,50,TB rates are among the highest in Asia; malaria is present; healthcare infrastructure is minimal.,,,
Timor-Leste,-8.87,125.73,climate,64,Extreme rainfall and prolonged dry seasons simultaneously threaten food and water security.,,,
Togo,8.62,0.82,food_insecurity,42,Northern Togo faces food stress from drought and conflict spillover from Burkina Faso.,,,
Togo,8.62,0.82,poverty,58,About 49% below $1.90/day; northern regions face the deepest poverty.,,,
Togo,8.62,0.82,disease,60,High malaria burden; TB rates are significant; healthcare access outside Lomé is very limited.,,,
Togo,8.62,0.82,climate,58,Coastal erosion is among the fastest in West Africa; northern drought is intensifying.,,,
Tonga,-21.18,-175.2,food_insecurity,18,Food generally accessible; cyclone disruptions cause periodic shortages.,,,
Tonga,-21.18,-175.2,poverty,25,About 22% below the poverty line; remittances from New Zealand and Australia are critical.,,,
Tonga,-21.18,-175.2,disease,22,Non-communicable diseases and obesity are at epidemic levels; 2022 volcano caused severe disruption.,,,
Tonga,-21.18,-175.2,climate,75,The 2022 Hunga Tonga volcanic eruption caused a tsunami; cyclone and sea-level rise risk is high.,,,
Trinidad and Tobago,10.69,-61.22,food_insecurity,12,Middle-income oil state; food generally accessible; poverty pockets in some communities.,,,
Trinidad and Tobago,10.69,-61.22,poverty,18,About 20% below the poverty line; gang violence concentrates in poorest communities.,,,
Trinidad and Tobago,10.69,-61.22,disease,18,HIV rates are elevated at 1.1%; non-communicable diseases are the leading health burden.,,,
Trinidad and Tobago,10.69,-61.22,climate,50,Hurricane risk is lower than northern Caribbean but increasing; sea-level rise threatens coastal areas.,,,
Tunisia,33.89,9.54,food_insecurity,20,Economic crisis and food import dependency have caused food price shocks.,,,
Tunisia,33.89,9.54,poverty,25,About 15% below the national poverty line; interior regions face higher rates than the coast.,,,
Tunisia,33.89,9.54,disease,18,Moderate burden; cardiovascular disease is the leading killer.,,,
Tunisia,33.89,9.54,climate,48,Water scarcity is acute; the Saharan edge is advancing northward.,,,
Turkey,38.96,35.24,food_insecurity,15,Hyperinflation (75%+) has severely reduced food affordability for the working and middle poor.,,,
Turkey,38.96,35.24,poverty,22,About 22% below the national poverty line; earthquake regions in Hatay face acute post-disaster poverty.,,,
Turkey,38.96,35.24,disease,15,Moderate burden; cardiovascular disease and cancer are primary concerns.,,,
Turkey,38.96,35.24,climate,45,Eastern Anatolia faces severe drought; wildfires on the Aegean coast are intensifying annually.,,,
Turkmenistan,38.97,59.56,food_insecurity,22,State food subsidies mask underlying food insecurity; economic data is unreliable.,,,
Turkmenistan,38.97,59.56,poverty,30,Opaque economy; high inequality and lack of economic freedom keep most outside the formal economy.,,,
Turkmenistan,38.97,59.56,disease,28,TB rates are elevated; Aral Sea environmental disaster has caused chronic health problems.,,,
Turkmenistan,38.97,59.56,climate,50,Aral Sea desiccation has been catastrophic; extreme heat and water scarcity are worsening.,,,
Tuvalu,-7.11,177.65,food_insecurity,30,Saltwater intrusion is destroying taro gardens; near-total food import dependency.,,,
Tuvalu,-7.11,177.65,poverty,38,Remittances are the primary income source; limited economic base and high import costs.,,,
Tuvalu,-7.11,177.65,disease,30,Non-communicable diseases at epidemic levels; TB is present; healthcare access is limited.,,,
Tuvalu,-7.11,177.65,climate,90,The lowest-lying nation on Earth; some islands are already partially submerged by king tides.,,,
Uganda,1.37,32.29,food_insecurity,49,Hosting 1.5 million refugees strains resources; northern Uganda faces persistent food stress.,,,
Uganda,1.37,32.29,poverty,54,About 42% below the national poverty line; over-reliance on rain-fed agriculture drives vulnerability.,,,
Uganda,1.37,32.29,disease,62,HIV prevalence at 5.4%; frequent Ebola and Marburg outbreaks; TB burden among Africa's highest.,,,
Uganda,1.37,32.29,climate,55,Flooding and drought cycles disrupt agriculture; Rwenzori glaciers have nearly disappeared.,,,
Ukraine,48.38,31.17,food_insecurity,30,Russian invasion has disrupted agriculture and food supply chains; 28% face food insecurity.,,,
Ukraine,48.38,31.17,poverty,25,About 24% below the poverty line; war has pushed millions into poverty since 2022.,,,
Ukraine,48.38,31.17,disease,25,Healthcare system severely disrupted by war; TB rates were already high before the invasion.,,,
Ukraine,48.38,31.17,climate,30,Drought and flooding are increasing; the war has caused severe environmental damage.,,,
United Arab Emirates,23.42,53.85,food_insecurity,6,Highly import-dependent but extremely wealthy; near-zero food insecurity among nationals.,,,
United Arab Emirates,23.42,53.85,poverty,3,Virtually no poverty among nationals; migrant workers face exploitation and poor conditions.,,,
United Arab Emirates,23.42,53.85,disease,8,Non-communicable diseases dominate; diabetes prevalence is among the world's highest.,,,
United Arab Emirates,23.42,53.85,climate,40,Extreme heat; 2024 flooding was unprecedented; total water dependency on desalination.,,,
United Kingdom,55.38,-3.44,food_insecurity,8,Food bank usage tripled in a decade; cost-of-living crisis has significantly increased food poverty.,,,
United Kingdom,55.38,-3.44,poverty,15,About 18% below the poverty line; child poverty is at a 20-year high.,,,
United Kingdom,55.38,-3.44,disease,8,Low burden; NHS under significant pressure; cardiovascular and respiratory disease are primary concerns.,,,
United Kingdom,55.38,-3.44,climate,22,2022 heatwave broke 40°C for the first time; flooding of Thames valley is increasing.,,,
United States,37.09,-95.71,food_insecurity,12,44 million food insecure; racial and geographic disparities are stark.,,,
United States,37.09,-95.71,poverty,14,About 12% below the poverty line; racial wealth gap and healthcare costs drive deprivation.,,,
United States,37.09,-95.71,disease,15,Opioid epidemic kills 80,000 per year; obesity and diabetes rates are among the highest for wealthy nations.,,
United States,37.09,-95.71,climate,32,Extreme heat, wildfires, and hurricanes causing record economic damage; Miami faces chronic flooding.,
Uruguay,-32.52,-55.77,food_insecurity,8,Strong welfare state and agricultural base; food insecurity is low.,,,
Uruguay,-32.52,-55.77,poverty,12,About 10% below the poverty line; one of Latin America's stronger social protection systems.,,,
Uruguay,-32.52,-55.77,disease,12,Non-communicable diseases dominate; good access to universal healthcare.,,,
Uruguay,-32.52,-55.77,climate,35,Record drought in 2023 threatened Montevideo's water supply; flooding is also increasing.,,,
Uzbekistan,41.38,64.59,food_insecurity,20,Food generally accessible; price inflation and agricultural underperformance affect the poor.,,,
Uzbekistan,41.38,64.59,poverty,32,About 12% below the national poverty line; rural Fergana Valley faces the highest rates.,,,
Uzbekistan,41.38,64.59,disease,28,TB rates are elevated; hepatitis B and C burden is high.,,,
Uzbekistan,41.38,64.59,climate,48,Aral Sea collapse has caused chronic environmental disease and water scarcity in the north.,,,
Vanuatu,-15.38,166.96,food_insecurity,25,Cyclone disruptions regularly cause food crises; subsistence agriculture is highly exposed.,,,
Vanuatu,-15.38,166.96,poverty,38,About 15% below the national poverty line; outer island communities face the deepest poverty.,,,
Vanuatu,-15.38,166.96,disease,32,Malaria burden is significant; TB is present; healthcare access on remote islands is minimal.,,,
Vanuatu,-15.38,166.96,climate,82,Highest disaster risk per capita globally; Category 5 cyclones have struck twice in the past decade.,,,
Venezuela,6.42,-66.59,food_insecurity,42,Economic collapse caused severe food insecurity; 7 million have emigrated partly to find food.,,,
Venezuela,6.42,-66.59,poverty,55,About 80% below the national poverty line; GDP collapsed 75% between 2013 and 2021.,,,
Venezuela,6.42,-66.59,disease,38,Malaria is resurgent; healthcare system has collapsed; medicine availability is critical.,,,
Venezuela,6.42,-66.59,climate,45,Orinoco Delta flooding and Andean drought are intensifying; deforestation is accelerating.,,,
Vietnam,14.06,108.28,food_insecurity,18,Food generally accessible; Mekong Delta salt intrusion threatens rice production.,,,
Vietnam,14.06,108.28,poverty,20,About 5% below the national poverty line; Central Highlands minorities face the highest rates.,,,
Vietnam,14.06,108.28,disease,25,TB burden is significant; dengue is hyperendemic; air pollution is a growing urban health crisis.,,,
Vietnam,14.06,108.28,climate,60,Mekong Delta faces saltwater intrusion; central coast hit by increasingly powerful typhoons.,,,
Yemen,15.55,48.52,food_insecurity,84,Blockaded ports and a shattered economy push 21 million to hunger and 5 million to emergency levels.,,,
Yemen,15.55,48.52,poverty,68,About 75% below the poverty line; the war has destroyed all productive economic activity.,,,
Yemen,15.55,48.52,disease,60,Healthcare system has collapsed; cholera infected 2.5 million; malnutrition compounds disease mortality.,,,
Yemen,15.55,48.52,climate,62,Extreme heat, water scarcity, and desertification compound the humanitarian crisis.,
Zambia,-13.13,27.85,food_insecurity,52,El Niño-driven drought cut maize production by half in 2024; 6 million are acutely food insecure.,,,
Zambia,-13.13,27.85,poverty,60,About 58% below the poverty line; copper revenues are not reaching the rural poor.,,,
Zambia,-13.13,27.85,disease,65,HIV prevalence at 11.1%; TB and malaria co-infection are common; rural healthcare access is minimal.,,,
Zambia,-13.13,27.85,climate,58,El Niño droughts are intensifying; Kariba Dam water levels at critical lows.,,,
Zimbabwe,-19.02,29.15,food_insecurity,62,Currency collapse has made food unaffordable; El Niño drought caused a state of disaster in 2024.,,,
Zimbabwe,-19.02,29.15,poverty,61,About 38% in extreme poverty; economic freefall since 2000 has wiped out household savings repeatedly.,,,
Zimbabwe,-19.02,29.15,disease,63,HIV prevalence at 11.9%; economic collapse has gutted the public health system.,,,
Zimbabwe,-19.02,29.15,climate,60,Recurrent El Niño droughts and Cyclone Idai flooding have devastated the agricultural sector.,,,
Puerto Rico,18.22,-66.59,conflict,18,Low-level gang activity and organized crime exist but there is no armed conflict; violence rates have declined significantly since 2010.,,,
Puerto Rico,18.22,-66.59,climate,72,Extremely vulnerable to Atlantic hurricanes; Hurricane Maria (2017) caused catastrophic infrastructure collapse; ongoing sea level rise and flooding threats.,,,
Puerto Rico,18.22,-66.59,food_insecurity,42,Around 40% of residents experience food insecurity — the highest rate of any US jurisdiction; SNAP dependency remains critical post-Maria.,,,
Puerto Rico,18.22,-66.59,poverty,58,Over 43% of residents live below the federal poverty line — the highest poverty rate of any US state or territory; median household income is roughly half the US average.,,,
Puerto Rico,18.22,-66.59,disease,22,Benefits from US healthcare infrastructure but faces chronic disease burden; diabetes and cardiovascular disease rates are above US mainland averages.,,,
Somaliland,9.56,44.07,conflict,48,Relatively stable compared to southern Somalia but faces unresolved border disputes with Puntland; periodic clashes along disputed eastern borders since 2023.,,,
Somaliland,9.56,44.07,climate,62,Severe drought vulnerability in the Horn of Africa; recurring multi-season droughts have devastated pastoral livelihoods and triggered internal displacement.,,,
Somaliland,9.56,44.07,food_insecurity,68,Recurring droughts push large portions of the population into crisis-level food insecurity; humanitarian access is limited and international aid is complicated by non-recognition.,,,
Somaliland,9.56,44.07,poverty,72,As an unrecognized state, Somaliland lacks access to international financial institutions and foreign direct investment; structural poverty is widespread.,,,
Somaliland,9.56,44.07,disease,58,High burden of communicable diseases including cholera and malaria; limited healthcare infrastructure outside Hargeisa; vaccination coverage gaps persist.,,,
